"Rk","Name","W","L","W-L%","ERA","G","GS","GF","CG","SHO","SV","IP","H","R","ER","HR","BB","IBB","SO","HBP","BK","WP","BF","WHIP","H9","HR9","BB9","SO9","SO/W","Year"
1,"Jake Babuschak",1,1,0.5,"3.94",4,4,0,0,0,0,16,17,7,7,1,3,0,13,2,0,2,69,1.25,9.6,0.6,1.7,7.3,4.33,2023
2,"Ian Battipaglia",0,0,NA,"6.75",1,0,1,0,0,0,1.1,2,1,1,1,1,0,2,0,0,0,7,2.25,13.5,6.8,6.8,13.5,2,2023
3,"Luke Benneche",1,1,0.5,"4.55",10,5,0,0,0,0,27.2,26,15,14,3,14,0,25,1,1,2,121,1.446,8.5,1,4.6,8.1,1.79,2023
4,"Jack Bowery",1,0,1,"5.23",7,0,2,0,0,0,10.1,13,7,6,0,4,0,12,0,0,2,47,1.645,11.3,0,3.5,10.5,3,2023
5,"Alec Couture",0,1,0,"11.57",4,0,1,0,0,0,4.2,7,6,6,1,2,0,5,1,0,1,24,1.929,13.5,1.9,3.9,9.6,2.5,2023
6,"Jagger Duquette",3,0,1,"1.1399999999999999",7,7,0,0,0,0,39.1,25,5,5,3,7,1,29,1,0,1,145,0.814,5.7,0.7,1.6,6.6,4.14,2023
7,"Chad Fedeli",0,0,NA,"0",1,0,1,0,0,0,1,0,0,0,0,0,0,1,0,0,0,3,0,0,0,0,9,NA,2023
8,"Brent Francisco",0,3,0,"1.04",9,0,9,0,0,4,8.2,5,5,1,0,3,0,14,0,0,0,34,0.923,5.2,0,3.1,14.5,4.67,2023
9,"Bryce Hellgeth",0,0,NA,"5.4",6,0,0,0,0,0,3.1,3,2,2,1,0,0,1,1,0,0,13,0.9,8.1,2.7,0,2.7,NA,2023
10,"Tommy Hughes",1,0,1,"2.0299999999999998",15,0,4,0,0,0,13.1,7,4,3,0,9,1,16,3,0,2,57,1.2,4.7,0,6.1,10.8,1.78,2023
11,"Danny Hussey",0,0,NA,"10.8",2,0,0,0,0,0,1.2,2,2,2,0,1,0,2,0,2,1,9,1.8,10.8,0,5.4,10.8,2,2023
12,"Jack Kabel",0,0,NA,"0",3,0,0,0,0,0,2.2,1,0,0,0,2,0,3,0,0,0,10,1.125,3.4,0,6.8,10.1,1.5,2023
13,"Jack Kelley",0,0,NA,"0",1,0,0,0,0,0,2,1,0,0,0,1,0,2,0,0,0,8,1,4.5,0,4.5,9,2,2023
14,"Danny Macchiarola",1,1,0.5,"3.72",12,2,1,0,0,0,19.1,23,10,8,1,3,0,29,1,0,1,85,1.345,10.7,0.5,1.4,13.5,9.67,2023
15,"M.T. Morrissey",2,0,1,"6.14",11,2,3,0,0,0,14.2,14,10,10,1,10,0,18,3,0,7,69,1.636,8.6,0.6,6.1,11,1.8,2023
16,"Peter Ostensen",0,2,0,"1.82",8,5,0,0,0,0,29.2,19,6,6,0,12,0,22,4,1,3,122,1.045,5.8,0,3.6,6.7,1.83,2023
17,"Will Paoli",0,1,0,"9",12,0,3,0,0,0,10,10,11,10,2,8,0,8,4,0,2,53,1.8,9,1.8,7.2,7.2,1,2023
18,"Ben Pedersen",0,0,NA,"0",2,0,0,0,0,0,2,0,0,0,0,0,0,1,0,0,0,6,0,0,0,0,4.5,NA,2023
19,"Jordan Peyton",1,0,1,"4.76",5,0,0,0,0,0,5.2,4,3,3,0,4,0,6,0,1,1,25,1.412,6.4,0,6.4,9.5,1.5,2023
20,"Peter Phillips",2,1,0.667,"0.87",18,0,8,0,0,3,20.2,12,6,2,0,2,0,13,0,0,1,69,0.677,5.2,0,0.9,5.7,6.5,2023
21,"Randy Reyes",2,0,1,"4.7",7,6,0,0,0,0,23,23,12,12,0,10,0,22,4,0,0,101,1.435,9,0,3.9,8.6,2.2,2023
22,"Corey Savedoff",0,0,NA,"6.1",10,0,2,0,0,0,10.1,7,9,7,0,15,0,8,5,0,3,57,2.129,6.1,0,13.1,7,0.53,2023
23,"Justin Solimine",1,0,1,"1.52",6,5,0,0,0,0,23.2,11,4,4,0,9,0,27,0,0,2,88,0.845,4.2,0,3.4,10.3,3,2023
24,"Emmett Tolis",1,3,0.25,"3.24",12,1,2,0,0,1,16.2,11,7,6,0,6,1,23,1,0,2,69,1.02,5.9,0,3.2,12.4,3.83,2023
25,"Mason Ulsh",2,1,0.667,"3.74",7,5,0,0,0,0,21.2,19,9,9,1,2,0,15,2,0,2,86,0.969,7.9,0.4,0.8,6.2,7.5,2023
26,"Landon White",0,0,NA,"0",1,0,1,0,0,0,0.2,0,0,0,0,0,0,1,0,0,0,2,0,0,0,0,13.5,NA,2023
27,"Jaden Wywoda",2,1,0.667,"1.57",15,1,4,0,0,0,23,19,6,4,3,7,1,9,3,0,0,92,1.13,7.4,1.2,2.7,3.5,1.29,2023
28,"Aaron Zenus",0,2,0,"2.4500000000000002",11,0,1,0,0,0,11,6,4,3,0,10,0,11,2,0,1,49,1.455,4.9,0,8.2,9,1.1,2023
1,"Tommy Benincaso",2,0,1,"4.5",9,1,6,0,0,2,12,18,9,6,2,5,0,15,0,0,2,59,1.917,13.5,1.5,3.8,11.3,3,2022
2,"Alec Couture",2,1,0.667,"2.31",13,0,1,0,0,0,23.1,22,9,6,1,6,0,20,1,0,1,99,1.2,8.5,0.4,2.3,7.7,3.33,2022
3,"Jagger Duquette",0,0,NA,"1.38",9,6,1,0,0,0,32.2,24,10,5,2,8,0,27,3,0,2,134,0.98,6.6,0.6,2.2,7.4,3.38,2022
4,"John Farley",2,0,1,"3.68",12,3,0,0,0,0,29.1,32,13,12,2,16,1,23,5,1,1,135,1.636,9.8,0.6,4.9,7.1,1.44,2022
5,"Luke Garofalo",2,0,1,"0.73",12,0,11,0,0,6,12.1,12,1,1,0,3,0,17,2,0,3,53,1.216,8.8,0,2.2,12.4,5.67,2022
6,"Cole Hansen",0,0,NA,"0",4,0,0,0,0,0,3.2,3,0,0,0,3,0,1,0,0,0,18,1.636,7.4,0,7.4,2.5,0.33,2022
7,"Jay Harry",0,0,NA,"4.5",1,0,1,0,0,0,2,1,1,1,0,3,0,1,0,0,0,10,2,4.5,0,13.5,4.5,0.33,2022
8,"Tommy Hughes",2,0,1,"8.1",5,0,1,0,0,0,6.2,5,6,6,1,7,0,8,1,0,4,33,1.8,6.8,1.4,9.5,10.8,1.14,2022
9,"Jack Kelley",1,0,1,"3.09",7,1,0,0,0,0,11.2,11,6,4,0,2,0,9,1,0,0,49,1.114,8.5,0,1.5,6.9,4.5,2022
10,"Carson Kohls",2,2,0.5,"7.43",4,3,0,0,0,0,13.1,15,11,11,1,6,0,12,2,0,2,61,1.575,10.1,0.7,4.1,8.1,2,2022
11,"Reed Mascolo",1,1,0.5,"3.74",5,5,0,0,0,0,21.2,17,11,9,0,9,0,16,1,3,0,91,1.2,7.1,0,3.7,6.6,1.78,2022
12,"Colin McVeigh",4,1,0.8,"1.73",10,5,0,0,0,0,36.1,23,7,7,1,10,0,38,3,0,0,140,0.908,5.7,0.2,2.5,9.4,3.8,2022
13,"Jack Moore",0,0,NA,"2.25",1,1,0,0,0,0,4,5,1,1,0,1,0,3,1,0,0,19,1.5,11.3,0,2.3,6.8,3,2022
14,"M.T. Morrissey",1,2,0.333,"4.91",18,0,2,0,0,0,18.1,18,14,10,2,17,0,18,3,0,3,92,1.909,8.8,1,8.3,8.8,1.06,2022
15,"Brendan O'Donnell",1,1,0.5,"2.31",12,0,2,0,0,1,11.2,13,8,3,0,3,0,17,3,0,0,52,1.371,10,0,2.3,13.1,5.67,2022
16,"Peter Ostensen",2,1,0.667,"3.64",9,9,0,0,0,0,42,34,17,17,1,15,0,28,7,0,1,176,1.167,7.3,0.2,3.2,6,1.87,2022
17,"Will Paoli",3,0,1,"5.4",6,0,1,0,0,0,8.1,7,6,5,0,5,0,6,0,0,1,36,1.44,7.6,0,5.4,6.5,1.2,2022
18,"Peter Phillips",1,0,1,"2.95",15,0,7,0,0,3,21.1,20,9,7,2,6,0,18,0,0,1,87,1.219,8.4,0.8,2.5,7.6,3,2022
19,"Joe Rios",1,0,1,"1.42",7,0,2,0,0,0,6.1,2,1,1,0,7,0,5,1,0,0,28,1.421,2.8,0,9.9,7.1,0.71,2022
20,"Corey Savedoff",0,1,0,"9",3,0,1,0,0,0,4,4,4,4,0,9,0,6,0,0,1,25,3.25,9,0,20.3,13.5,0.67,2022
21,"Matt Smith",2,2,0.5,"6.75",10,0,2,0,0,0,8,5,7,6,0,5,0,4,2,0,1,35,1.25,5.6,0,5.6,4.5,0.8,2022
22,"Derek Tenney",0,0,NA,"0",1,0,1,0,0,0,1,0,0,0,0,0,0,2,0,0,0,4,0,0,0,0,18,NA,2022
23,"Mason Ulsh",2,0,1,"0.99",6,6,0,0,0,0,27.1,20,5,3,0,6,0,14,2,1,5,113,0.951,6.6,0,2,4.6,2.33,2022
24,"Jackson Vanesko",1,0,1,"3.52",11,4,1,0,0,0,23,18,12,9,2,10,0,17,1,0,1,97,1.217,7,0.8,3.9,6.7,1.7,2022
1,"Carson Ballard",0,0,NA,"4.5",10,1,6,0,0,0,16,15,12,8,3,8,0,16,0,0,1,68,1.438,8.4,1.7,4.5,9,2,2023
2,"Andrew Castelluccio",1,1,0.5,"6.06",7,1,3,0,0,1,16.1,15,12,11,4,5,0,17,4,0,1,72,1.224,8.3,2.2,2.8,9.4,3.4,2023
3,"Tim Cianciolo",0,0,NA,"5.4",9,0,2,0,0,0,15,22,10,9,1,9,0,18,0,3,1,74,2.067,13.2,0.6,5.4,10.8,2,2023
4,"Curtis Clark",2,0,1,"7.45",7,0,2,0,0,0,9.2,11,9,8,1,6,0,13,0,0,4,47,1.759,10.2,0.9,5.6,12.1,2.17,2023
5,"Ryan Delorbe",1,2,0.333,"5.91",6,5,0,0,0,0,21.1,20,15,14,3,13,0,21,3,1,5,98,1.547,8.4,1.3,5.5,8.9,1.62,2023
6,"Jordan Falco",3,3,0.5,"6.39",7,7,0,0,0,0,31,30,25,22,2,22,0,26,1,0,5,144,1.677,8.7,0.6,6.4,7.5,1.18,2023
7,"Patrick Gleason",0,1,0,"7",2,2,0,0,0,0,9,16,8,7,0,3,0,9,2,0,0,44,2.111,16,0,3,9,3,2023
8,"Jack Keenan",0,0,NA,"12.6",3,1,0,0,0,0,5,7,8,7,1,5,0,6,1,0,0,28,2.4,12.6,1.8,9,10.8,1.2,2023
9,"Carter Kelsey",0,2,0,"5.5",10,0,4,0,0,0,18,22,16,11,3,9,0,30,2,2,4,89,1.722,11,1.5,4.5,15,3.33,2023
10,"Anthony Leak",0,0,NA,"0",1,0,1,0,0,0,1,1,0,0,0,0,0,1,0,0,0,3,1,9,0,0,9,NA,2023
11,"Nolan Lincoln",3,1,0.75,"3.18",10,0,3,0,0,0,17,15,7,6,2,10,0,14,1,2,3,75,1.471,7.9,1.1,5.3,7.4,1.4,2023
12,"Jonathan Link",0,1,0,"9",7,0,2,0,0,0,8,6,9,8,1,13,0,2,3,0,1,45,2.375,6.8,1.1,14.6,2.3,0.15,2023
13,"Alex Mach",1,1,0.5,"3",7,1,2,0,0,1,15,9,6,5,0,8,0,13,1,0,0,63,1.133,5.4,0,4.8,7.8,1.63,2023
14,"Braden Quinn",2,4,0.333,"2.4500000000000002",8,6,1,1,0,0,40.1,31,21,11,6,11,0,53,3,3,1,172,1.041,6.9,1.3,2.5,11.8,4.82,2023
15,"John Rizzo",1,4,0.2,"9.24",5,3,1,0,0,0,12.2,15,17,13,1,9,0,14,3,0,3,65,1.895,10.7,0.7,6.4,9.9,1.56,2023
16,"Tyler Roche",0,0,NA,"1.35",3,0,1,0,0,0,6.2,4,1,1,0,1,0,11,0,0,0,24,0.75,5.4,0,1.4,14.9,11,2023
17,"Matt Semon",0,0,NA,"16.2",4,4,0,0,0,0,10,16,18,18,6,10,0,9,3,0,1,57,2.6,14.4,5.4,9,8.1,0.9,2023
18,"Gabe Silva",0,0,NA,"0",1,0,1,0,0,0,1,0,0,0,0,1,0,0,0,0,0,4,1,0,0,9,0,0,2023
19,"Matt Spada",0,0,NA,"3.68",6,0,1,0,0,0,7.1,7,4,3,1,10,0,7,2,0,2,41,2.318,8.6,1.2,12.3,8.6,0.7,2023
20,"Anthony Steele",3,0,1,"1.02",10,0,10,0,0,5,17.2,8,3,2,0,6,0,31,1,0,4,67,0.792,4.1,0,3.1,15.8,5.17,2023
21,"Mike Szturma",2,1,0.667,"4.46",8,8,0,0,0,0,36.1,35,18,18,6,13,0,29,3,0,5,155,1.321,8.7,1.5,3.2,7.2,2.23,2023
22,"George Viebrock",2,1,0.667,"2.61",9,3,2,0,0,0,31,21,10,9,1,8,0,30,3,0,0,123,0.935,6.1,0.3,2.3,8.7,3.75,2023
23,"TJ Wainwright",0,0,NA,"0",1,1,0,0,0,0,4,3,0,0,0,4,0,4,0,0,1,18,1.75,6.8,0,9,9,1,2023
24,"Davis Wallon",0,0,NA,"27",1,0,0,0,0,0,0.1,0,1,1,0,2,0,0,1,0,3,4,6,0,0,54,0,0,2023
1,"Vincent Bianchi",1,2,0.333,"5.0599999999999996",9,0,4,0,0,1,10.2,10,7,6,1,6,0,18,4,0,6,51,1.5,8.4,0.8,5.1,15.2,3,2022
2,"Joe Biancone",0,0,NA,"21.94",5,0,1,0,0,0,5.1,7,14,13,0,14,0,8,2,1,10,38,3.938,11.8,0,23.6,13.5,0.57,2022
3,"Jack Bowery",4,1,0.8,"1.69",12,1,6,0,0,0,32,30,9,6,0,6,0,31,3,0,1,130,1.125,8.4,0,1.7,8.7,5.17,2022
4,"Ethan Bradford",1,1,0.5,"2.61",6,0,2,0,0,0,10.1,6,4,3,0,5,0,8,1,0,0,43,1.065,5.2,0,4.4,7,1.6,2022
5,"Cody Carwile",2,2,0.5,"3.31",7,6,1,0,0,0,32.2,28,13,12,3,13,0,43,1,0,3,138,1.255,7.7,0.8,3.6,11.8,3.31,2022
6,"Tyler Cirone",0,0,NA,"22.5",1,1,0,0,0,0,2,4,5,5,1,1,0,1,1,0,0,12,2.5,18,4.5,4.5,4.5,1,2022
7,"Curtis Clark",2,1,0.667,"3.93",10,0,3,0,0,1,18.1,18,11,8,3,3,0,14,1,0,1,78,1.145,8.8,1.5,1.5,6.9,4.67,2022
8,"Aeden Finateri",0,1,0,"4.3600000000000003",6,6,0,0,0,0,33,30,17,16,3,15,0,26,2,0,0,142,1.364,8.2,0.8,4.1,7.1,1.73,2022
9,"Billy Gerlott",0,0,NA,"0",1,0,1,0,0,0,1,0,0,0,0,0,0,0,0,0,0,3,0,0,0,0,0,NA,2022
10,"Zach Grace",2,0,1,"2.4",6,6,0,0,0,0,30,23,9,8,2,11,0,37,4,1,3,124,1.133,6.9,0.6,3.3,11.1,3.36,2022
11,"Carter Heller",0,0,NA,"0",2,0,2,0,0,1,3.1,3,0,0,0,2,0,3,0,0,2,15,1.5,8.1,0,5.4,8.1,1.5,2022
12,"Ryan Higgins",1,1,0.5,"5.59",5,1,2,0,0,1,9.2,6,6,6,0,9,0,13,0,0,1,44,1.552,5.6,0,8.4,12.1,1.44,2022
13,"Sean Hogan",0,1,0,"5.64",6,6,0,0,0,0,22.1,22,19,14,0,14,0,21,4,0,4,112,1.612,8.9,0,5.6,8.5,1.5,2022
14,"Noah Jensen",0,0,NA,"8.1",4,0,2,0,0,2,3.1,1,3,3,0,4,0,5,1,0,4,16,1.5,2.7,0,10.8,13.5,1.25,2022
15,"Dayvin Johnson",0,0,NA,"9",3,0,0,0,0,0,4,3,5,4,0,9,0,6,3,0,9,28,3,6.8,0,20.3,13.5,0.67,2022
16,"Renn Lints",2,4,0.333,"7.46",14,0,4,0,0,1,25.1,34,24,21,6,10,0,21,1,2,6,118,1.737,12.1,2.1,3.6,7.5,2.1,2022
17,"Jett Lovett",0,0,NA,"0",1,0,1,0,0,0,0.2,0,0,0,0,1,0,0,0,0,1,3,1.5,0,0,13.5,0,0,2022
18,"Sam Majewski",2,1,0.667,"4.76",7,0,0,0,0,0,11.1,14,7,6,1,4,0,8,1,1,0,52,1.588,11.1,0.8,3.2,6.4,2,2022
19,"Billy Oldham",0,1,0,"1.38",7,1,5,0,0,2,13,6,2,2,0,3,0,19,0,0,1,46,0.692,4.2,0,2.1,13.2,6.33,2022
20,"Garrett Peters",1,0,1,"7.88",6,0,3,0,0,0,8,11,7,7,1,4,0,9,2,0,0,41,1.875,12.4,1.1,4.5,10.1,2.25,2022
21,"Braden Quinn",0,2,0,"2.48",7,4,1,0,0,0,29,23,13,8,0,16,0,36,1,0,1,124,1.345,7.1,0,5,11.2,2.25,2022
22,"Matt Rados",1,0,1,"3",3,0,1,0,0,1,3,1,1,1,0,1,0,2,3,0,0,14,0.667,3,0,3,6,2,2022
23,"Kyle Roche",2,2,0.5,"2.3199999999999998",6,6,0,0,0,0,31,33,12,8,0,7,0,27,8,0,2,140,1.29,9.6,0,2,7.8,3.86,2022
24,"Henry Strmecki",0,0,NA,"0",1,0,1,0,0,0,0.1,1,0,0,0,0,0,1,1,0,0,3,3,27,0,0,27,NA,2022
25,"Logan Tabeling",1,0,1,"1.72",5,2,2,0,0,1,15.2,11,4,3,0,8,0,18,3,0,4,70,1.213,6.3,0,4.6,10.3,2.25,2022
26,"Julian Tonghini",0,2,0,"14.54",5,3,0,0,0,0,13,25,24,21,3,10,0,22,2,0,1,75,2.692,17.3,2.1,6.9,15.2,2.2,2022
27,"Jermaine White",0,0,NA,"0",1,0,0,0,0,0,1,0,0,0,0,0,0,1,0,0,0,3,0,0,0,0,9,NA,2022
28,"Jude Zern",0,0,NA,"4.5",2,1,1,0,0,0,4,3,2,2,1,4,0,2,1,0,1,18,1.75,6.8,2.3,9,4.5,0.5,2022
1,"Jason Bickford",0,1,0,"13.5",2,0,0,0,0,0,2,3,3,3,0,5,0,1,0,0,0,13,4,13.5,0,22.5,4.5,0.2,2023
2,"Dan Brown",0,2,0,"6.75",8,0,3,0,0,0,10.2,5,10,8,0,13,0,19,5,0,2,55,1.688,4.2,0,11,16,1.46,2023
3,"Kayden Campbell",2,2,0.5,"8.74",10,0,6,0,0,0,11.1,9,14,11,3,19,1,14,3,0,4,65,2.471,7.1,2.4,15.1,11.1,0.74,2023
4,"Eric Chalus",2,2,0.5,"3.52",7,7,0,0,0,0,30.2,34,16,12,5,4,0,38,2,1,1,130,1.239,10,1.5,1.2,11.2,9.5,2023
5,"Pierce Clare",0,0,NA,"14.73",2,1,0,0,0,0,3.2,5,6,6,1,8,0,1,2,0,0,25,3.545,12.3,2.5,19.6,2.5,0.13,2023
6,"Aidan Corn",0,1,0,"36",1,1,0,0,0,0,1,2,4,4,1,3,0,0,0,0,0,8,5,18,9,27,0,0,2023
7,"Spencer Dessart",0,1,0,"2.84",3,1,1,0,0,1,6.1,6,5,2,0,6,0,8,1,0,0,33,1.895,8.5,0,8.5,11.4,1.33,2023
8,"Sam Drumheller",2,1,0.667,"6.45",11,1,1,0,0,0,22.1,25,16,16,4,13,1,25,3,0,3,105,1.701,10.1,1.6,5.2,10.1,1.92,2023
9,"Brad Edwards",0,2,0,"10.130000000000001",3,0,1,0,0,0,5.1,8,7,6,2,4,0,5,0,0,0,28,2.25,13.5,3.4,6.8,8.4,1.25,2023
10,"Pete Haas",0,1,0,"4.82",7,4,2,0,0,1,9.1,9,10,5,1,8,0,7,1,0,3,45,1.821,8.7,1,7.7,6.8,0.88,2023
11,"Luke Hayden",0,0,NA,"5.63",2,2,0,0,0,0,8,10,5,5,0,4,0,9,1,0,4,39,1.75,11.3,0,4.5,10.1,2.25,2023
12,"Jack Kartsonas",0,2,0,"5.4",3,3,0,0,0,0,10,7,8,6,1,2,0,13,2,0,2,43,0.9,6.3,0.9,1.8,11.7,6.5,2023
13,"Dylan King",2,1,0.667,"3.15",4,4,0,1,0,0,20,12,11,7,2,8,0,22,1,1,1,83,1,5.4,0.9,3.6,9.9,2.75,2023
14,"Jordan Kolenda",2,0,1,"6.46",9,0,6,0,0,3,15.1,17,13,11,2,6,0,13,1,0,1,72,1.5,10,1.2,3.5,7.6,2.17,2023
15,"Adam Marsh",0,0,NA,"2.7",3,0,1,0,0,0,6.2,6,2,2,1,2,0,3,0,0,0,28,1.2,8.1,1.4,2.7,4.1,1.5,2023
16,"Joe Mazza",0,0,NA,"8.44",4,0,1,0,0,0,5.1,7,7,5,1,2,0,4,0,0,1,25,1.688,11.8,1.7,3.4,6.8,2,2023
17,"Tyler Murphy",0,1,0,"2.25",2,1,1,0,0,0,8,3,2,2,0,2,0,9,0,0,1,30,0.625,3.4,0,2.3,10.1,4.5,2023
18,"Will Newell",0,1,0,"4.7",8,1,1,0,0,1,15.1,19,12,8,0,9,0,13,2,0,2,75,1.826,11.2,0,5.3,7.6,1.44,2023
19,"Bryan Padilla",0,0,NA,"0",1,0,0,0,0,0,1,0,0,0,0,2,0,3,0,0,0,5,2,0,0,18,27,1.5,2023
20,"Sam Portnoy",0,0,NA,"4.5",12,0,4,0,0,2,20,13,12,10,1,10,1,26,6,0,1,92,1.15,5.9,0.5,4.5,11.7,2.6,2023
21,"James Quinlivan",1,0,1,"5.25",6,0,1,0,0,0,12,13,7,7,0,6,0,9,0,0,2,52,1.583,9.8,0,4.5,6.8,1.5,2023
22,"Garrett Rice",0,0,NA,"11.05",6,0,2,0,0,0,7.1,11,9,9,2,5,0,7,0,0,2,38,2.182,13.5,2.5,6.1,8.6,1.4,2023
23,"Alec Ritch",0,0,NA,"6.55",5,1,3,0,0,0,11,14,10,8,2,6,0,8,1,0,0,52,1.818,11.5,1.6,4.9,6.5,1.33,2023
24,"Kyle Roche",0,1,0,"3",1,1,0,0,0,0,3,2,1,1,0,1,0,2,0,0,0,12,1,6,0,3,6,2,2023
25,"Joel Rodriguez",3,1,0.75,"3.33",10,3,0,0,0,0,24.1,25,13,9,1,18,0,22,6,0,3,120,1.767,9.2,0.4,6.7,8.1,1.22,2023
26,"Matt Rowe",0,1,0,"7.62",10,1,2,0,0,0,13,11,14,11,0,15,1,16,4,0,11,70,2,7.6,0,10.4,11.1,1.07,2023
27,"Frankie Sanchez",0,2,0,"7.94",4,3,0,0,0,0,11.1,15,11,10,3,4,0,5,0,0,2,51,1.676,11.9,2.4,3.2,4,1.25,2023
28,"Cole Stallings",1,3,0.25,"6.75",10,6,1,0,0,0,29.1,26,28,22,4,19,0,37,6,0,4,140,1.534,8,1.2,5.8,11.4,1.95,2023
29,"Tommy Sullivan",0,0,NA,"6.08",4,1,0,0,0,0,13.1,16,10,9,3,6,0,12,0,1,1,61,1.65,10.8,2,4.1,8.1,2,2023
30,"Tyler Tornberg",0,2,0,"7.41",13,1,2,0,0,1,17,21,16,14,3,16,0,14,5,0,4,92,2.176,11.1,1.6,8.5,7.4,0.88,2023
31,"Adam Wholley",0,0,NA,"9",1,0,0,0,0,0,1,2,1,1,0,2,0,0,0,0,0,6,4,18,0,18,0,0,2023
1,"Jason Bickford",0,1,0,"13.5",2,0,0,0,0,0,2,3,3,3,0,5,0,1,0,0,0,13,4,13.5,0,22.5,4.5,0.2,2022
2,"Dan Brown",0,2,0,"6.75",8,0,3,0,0,0,10.2,5,10,8,0,13,0,19,5,0,2,55,1.688,4.2,0,11,16,1.46,2022
3,"Kayden Campbell",2,2,0.5,"8.74",10,0,6,0,0,0,11.1,9,14,11,3,19,1,14,3,0,4,65,2.471,7.1,2.4,15.1,11.1,0.74,2022
4,"Eric Chalus",2,2,0.5,"3.52",7,7,0,0,0,0,30.2,34,16,12,5,4,0,38,2,1,1,130,1.239,10,1.5,1.2,11.2,9.5,2022
5,"Pierce Clare",0,0,NA,"14.73",2,1,0,0,0,0,3.2,5,6,6,1,8,0,1,2,0,0,25,3.545,12.3,2.5,19.6,2.5,0.13,2022
6,"Aidan Corn",0,1,0,"36",1,1,0,0,0,0,1,2,4,4,1,3,0,0,0,0,0,8,5,18,9,27,0,0,2022
7,"Spencer Dessart",0,1,0,"2.84",3,1,1,0,0,1,6.1,6,5,2,0,6,0,8,1,0,0,33,1.895,8.5,0,8.5,11.4,1.33,2022
8,"Sam Drumheller",2,1,0.667,"6.45",11,1,1,0,0,0,22.1,25,16,16,4,13,1,25,3,0,3,105,1.701,10.1,1.6,5.2,10.1,1.92,2022
9,"Brad Edwards",0,2,0,"10.130000000000001",3,0,1,0,0,0,5.1,8,7,6,2,4,0,5,0,0,0,28,2.25,13.5,3.4,6.8,8.4,1.25,2022
10,"Pete Haas",0,1,0,"4.82",7,4,2,0,0,1,9.1,9,10,5,1,8,0,7,1,0,3,45,1.821,8.7,1,7.7,6.8,0.88,2022
11,"Luke Hayden",0,0,NA,"5.63",2,2,0,0,0,0,8,10,5,5,0,4,0,9,1,0,4,39,1.75,11.3,0,4.5,10.1,2.25,2022
12,"Jack Kartsonas",0,2,0,"5.4",3,3,0,0,0,0,10,7,8,6,1,2,0,13,2,0,2,43,0.9,6.3,0.9,1.8,11.7,6.5,2022
13,"Dylan King",2,1,0.667,"3.15",4,4,0,1,0,0,20,12,11,7,2,8,0,22,1,1,1,83,1,5.4,0.9,3.6,9.9,2.75,2022
14,"Jordan Kolenda",2,0,1,"6.46",9,0,6,0,0,3,15.1,17,13,11,2,6,0,13,1,0,1,72,1.5,10,1.2,3.5,7.6,2.17,2022
15,"Adam Marsh",0,0,NA,"2.7",3,0,1,0,0,0,6.2,6,2,2,1,2,0,3,0,0,0,28,1.2,8.1,1.4,2.7,4.1,1.5,2022
16,"Joe Mazza",0,0,NA,"8.44",4,0,1,0,0,0,5.1,7,7,5,1,2,0,4,0,0,1,25,1.688,11.8,1.7,3.4,6.8,2,2022
17,"Tyler Murphy",0,1,0,"2.25",2,1,1,0,0,0,8,3,2,2,0,2,0,9,0,0,1,30,0.625,3.4,0,2.3,10.1,4.5,2022
18,"Will Newell",0,1,0,"4.7",8,1,1,0,0,1,15.1,19,12,8,0,9,0,13,2,0,2,75,1.826,11.2,0,5.3,7.6,1.44,2022
19,"Bryan Padilla",0,0,NA,"0",1,0,0,0,0,0,1,0,0,0,0,2,0,3,0,0,0,5,2,0,0,18,27,1.5,2022
20,"Sam Portnoy",0,0,NA,"4.5",12,0,4,0,0,2,20,13,12,10,1,10,1,26,6,0,1,92,1.15,5.9,0.5,4.5,11.7,2.6,2022
21,"James Quinlivan",1,0,1,"5.25",6,0,1,0,0,0,12,13,7,7,0,6,0,9,0,0,2,52,1.583,9.8,0,4.5,6.8,1.5,2022
22,"Garrett Rice",0,0,NA,"11.05",6,0,2,0,0,0,7.1,11,9,9,2,5,0,7,0,0,2,38,2.182,13.5,2.5,6.1,8.6,1.4,2022
23,"Alec Ritch",0,0,NA,"6.55",5,1,3,0,0,0,11,14,10,8,2,6,0,8,1,0,0,52,1.818,11.5,1.6,4.9,6.5,1.33,2022
24,"Kyle Roche",0,1,0,"3",1,1,0,0,0,0,3,2,1,1,0,1,0,2,0,0,0,12,1,6,0,3,6,2,2022
25,"Joel Rodriguez",3,1,0.75,"3.33",10,3,0,0,0,0,24.1,25,13,9,1,18,0,22,6,0,3,120,1.767,9.2,0.4,6.7,8.1,1.22,2022
26,"Matt Rowe",0,1,0,"7.62",10,1,2,0,0,0,13,11,14,11,0,15,1,16,4,0,11,70,2,7.6,0,10.4,11.1,1.07,2022
27,"Frankie Sanchez",0,2,0,"7.94",4,3,0,0,0,0,11.1,15,11,10,3,4,0,5,0,0,2,51,1.676,11.9,2.4,3.2,4,1.25,2022
28,"Cole Stallings",1,3,0.25,"6.75",10,6,1,0,0,0,29.1,26,28,22,4,19,0,37,6,0,4,140,1.534,8,1.2,5.8,11.4,1.95,2022
29,"Tommy Sullivan",0,0,NA,"6.08",4,1,0,0,0,0,13.1,16,10,9,3,6,0,12,0,1,1,61,1.65,10.8,2,4.1,8.1,2,2022
30,"Tyler Tornberg",0,2,0,"7.41",13,1,2,0,0,1,17,21,16,14,3,16,0,14,5,0,4,92,2.176,11.1,1.6,8.5,7.4,0.88,2022
31,"Adam Wholley",0,0,NA,"9",1,0,0,0,0,0,1,2,1,1,0,2,0,0,0,0,0,6,4,18,0,18,0,0,2022
1,"Jack Beauchesne",3,2,0.6,"2.0499999999999998",17,0,3,0,0,0,26.1,25,13,6,1,14,0,22,2,0,2,120,1.481,8.5,0.3,4.8,7.5,1.57,2023
2,"Dominic Chieffalo",0,0,NA,"2.5299999999999998",3,2,0,0,0,0,10.2,11,4,3,2,1,0,0,1,0,0,44,1.125,9.3,1.7,0.8,0,0,2023
3,"Cole Cleary",0,0,NA,"0",3,0,1,0,0,0,2.2,1,1,0,0,1,0,3,0,0,0,10,0.75,3.4,0,3.4,10.1,3,2023
4,"Harry Deliyannis",1,2,0.333,"6.49",8,5,0,0,0,0,26.1,39,20,19,1,17,0,21,1,0,10,134,2.127,13.3,0.3,5.8,7.2,1.24,2023
5,"Demitri Diamant",0,2,0,"3.24",11,0,3,0,0,1,16.2,10,6,6,0,9,0,15,0,0,2,66,1.14,5.4,0,4.9,8.1,1.67,2023
6,"Michael Ebner",2,2,0.5,"3.86",13,0,3,0,0,1,21,19,13,9,0,8,0,24,1,0,2,91,1.286,8.1,0,3.4,10.3,3,2023
7,"Brett Fee",0,0,NA,"6.75",1,0,0,0,0,0,1.1,1,1,1,0,3,0,0,0,0,0,8,3,6.8,0,20.3,0,0,2023
8,"Bradley Gagen",2,1,0.667,"2.4500000000000002",9,4,0,0,0,0,29.1,17,12,8,1,12,0,27,7,0,2,124,0.989,5.2,0.3,3.7,8.3,2.25,2023
9,"Grant Goodlad",1,3,0.25,"6.06",15,0,9,0,0,2,16.1,11,12,11,3,6,0,23,3,0,9,71,1.041,6.1,1.7,3.3,12.7,3.83,2023
10,"Jackson Kraemer",0,1,0,"31.5",1,0,0,0,0,0,2,4,7,7,1,4,0,0,2,0,0,16,4,18,4.5,18,0,0,2023
11,"Lucas Lariviere",0,0,NA,"4.5",1,0,1,0,0,0,2,0,1,1,0,4,0,2,0,0,0,10,2,0,0,18,9,0.5,2023
12,"Eli Majick",1,1,0.5,"2.57",12,0,5,0,0,1,21,21,8,6,0,6,1,30,3,0,0,94,1.286,9,0,2.6,12.9,5,2023
13,"Kaden Martin",0,0,NA,"0",1,0,0,0,0,0,1,0,0,0,0,3,0,0,0,0,0,6,3,0,0,27,0,0,2023
14,"Cam Mounts",3,2,0.6,"3.55",13,4,3,0,0,0,33,25,13,13,5,10,0,31,3,0,0,137,1.061,6.8,1.4,2.7,8.5,3.1,2023
15,"Peyton Olejnik",0,1,0,"27",2,2,0,0,0,0,1,1,3,3,0,6,0,3,1,0,2,12,7,9,0,54,27,0.5,2023
16,"Jack Owens",1,0,1,"3.86",7,2,0,0,0,0,14,11,7,6,2,11,0,13,1,0,2,63,1.571,7.1,1.3,7.1,8.4,1.18,2023
17,"James Sashin",2,1,0.667,"3.21",8,5,0,0,0,0,28,25,12,10,2,10,0,33,1,1,3,115,1.25,8,0.6,3.2,10.6,3.3,2023
18,"Chris Scinta",0,0,NA,"7.56",4,0,0,0,0,0,8.1,9,7,7,0,3,0,10,1,0,1,37,1.44,9.7,0,3.2,10.8,3.33,2023
19,"Wyatt Scotti",0,0,NA,"7.36",1,1,0,0,0,0,3.2,2,3,3,0,3,0,1,0,0,0,15,1.364,4.9,0,7.4,2.5,0.33,2023
20,"Dan Snyder",0,0,NA,"8.31",7,6,0,0,0,0,17.1,27,19,16,5,10,0,19,3,0,1,91,2.135,14,2.6,5.2,9.9,1.9,2023
21,"Sy Sullivan",0,1,0,"10.130000000000001",3,0,2,0,0,0,2.2,5,3,3,0,0,0,2,0,0,1,13,1.875,16.9,0,0,6.8,NA,2023
22,"Jake Tedesco",0,1,0,"6.23",9,0,4,0,0,0,8.2,6,7,6,0,10,0,13,0,0,0,43,1.846,6.2,0,10.4,13.5,1.3,2023
23,"Scout Updike",0,1,0,"3.9",9,6,1,0,0,0,30,24,15,13,3,15,0,33,5,0,2,137,1.3,7.2,0.9,4.5,9.9,2.2,2023
24,"Gavin Van Kempen",0,2,0,"7.25",6,6,0,0,0,0,22.1,20,20,18,2,11,0,24,1,0,5,95,1.388,8.1,0.8,4.4,9.7,2.18,2023
25,"Jackson Walsh",2,1,0.667,"6.91",9,0,6,0,0,1,14.1,24,20,11,0,12,0,4,0,0,4,79,2.512,15.1,0,7.5,2.5,0.33,2023
1,"Jack Beauchesne",3,0,1,"3.82",13,0,1,0,0,0,30.2,28,14,13,4,6,0,26,2,0,1,124,1.109,8.2,1.2,1.8,7.6,4.33,2022
2,"Zach Clesas",3,1,0.75,"1.85",10,4,4,0,0,0,24.1,20,6,5,0,4,0,14,2,1,2,97,0.986,7.4,0,1.5,5.2,3.5,2022
3,"Ronaldo Gallo",1,1,0.5,"4.76",5,4,0,0,0,0,17,13,10,9,1,7,0,25,3,0,2,73,1.176,6.9,0.5,3.7,13.2,3.57,2022
4,"Camron Hill",5,0,1,"0.75",12,0,11,0,0,4,24,5,3,2,0,4,0,41,1,0,3,83,0.375,1.9,0,1.5,15.4,10.25,2022
5,"Dylan Jacobs",2,3,0.4,"4.67",8,6,0,0,0,0,27,19,15,14,5,12,0,30,2,1,5,114,1.148,6.3,1.7,4,10,2.5,2022
6,"Noah Johnson",1,1,0.5,"5.56",4,3,0,0,0,0,11.1,18,15,7,3,5,0,9,0,0,1,58,2.029,14.3,2.4,4,7.1,1.8,2022
7,"Cade Lommel",4,1,0.8,"3.21",8,5,0,0,0,0,28,21,13,10,3,11,0,27,2,0,2,117,1.143,6.8,1,3.5,8.7,2.45,2022
8,"Case Matter",0,3,0,"5.09",6,6,0,0,0,0,17.2,20,14,10,0,14,0,27,4,3,4,91,1.925,10.2,0,7.1,13.8,1.93,2022
9,"J.D. McCracken",0,1,0,"4.26",13,1,5,0,0,2,25.1,20,13,12,1,17,0,31,3,0,1,114,1.461,7.1,0.4,6,11,1.82,2022
10,"Stephen Quigley",1,2,0.333,"4.76",11,3,3,0,0,0,28.1,28,18,15,5,9,0,37,0,0,1,124,1.306,8.9,1.6,2.9,11.8,4.11,2022
11,"James Sashin",3,0,1,"2.7",12,0,1,0,0,1,30,26,11,9,1,10,0,34,0,0,6,129,1.2,7.8,0.3,3,10.2,3.4,2022
12,"Rafe Schlesinger",2,0,1,"2.73",7,5,2,0,0,1,29.2,25,10,9,1,10,0,29,2,0,1,120,1.18,7.6,0.3,3,8.8,2.9,2022
13,"Adam Stone",0,1,0,"3.31",5,5,0,0,0,0,16.1,17,8,6,0,8,0,24,1,0,3,73,1.531,9.4,0,4.4,13.2,3,2022
14,"Alejandro Torres",1,0,1,"1.29",13,0,8,0,0,5,21,12,3,3,2,6,1,34,2,0,0,84,0.857,5.1,0.9,2.6,14.6,5.67,2022
15,"Jacob Weaver",2,0,1,"3.32",9,2,0,0,0,0,19,19,9,7,3,12,0,16,0,0,4,86,1.632,9,1.4,5.7,7.6,1.33,2022
16,"Preston Wetherell",0,0,NA,"5.79",2,0,2,0,0,1,4.2,4,3,3,0,4,0,5,5,0,2,26,1.714,7.7,0,7.7,9.6,1.25,2022
17,"Ben Wiegman",1,1,0.5,"10.8",11,0,4,0,0,0,13.1,18,22,16,2,16,0,14,5,0,5,83,2.55,12.2,1.4,10.8,9.5,0.88,2022
18,"Joe Williams",0,0,NA,"4.05",11,0,3,0,0,1,13.1,8,6,6,1,11,0,18,3,0,1,62,1.425,5.4,0.7,7.4,12.2,1.64,2022
1,"Jude Abbadessa",3,1,0.75,"3",8,3,2,0,0,0,21,14,9,7,1,9,0,20,3,0,7,87,1.095,6,0.4,3.9,8.6,2.22,2023
2,"Jay Allmer",1,0,1,"0.6",12,0,12,0,0,10,15,9,1,1,0,10,2,15,1,0,1,62,1.267,5.4,0,6,9,1.5,2023
3,"Bowen Baker",2,0,1,"2.6",7,6,0,0,0,0,27.2,19,9,8,2,4,0,26,0,0,1,104,0.831,6.2,0.7,1.3,8.5,6.5,2023
4,"Dominic Baratta",0,3,0,"4.5",5,2,1,0,0,0,12,7,8,6,0,10,0,11,1,1,1,54,1.417,5.3,0,7.5,8.3,1.1,2023
5,"Matt Bedford",0,0,NA,"10.8",2,0,1,0,0,0,1.2,5,2,2,0,0,0,2,0,0,0,10,3,27,0,0,10.8,NA,2023
6,"Nicholas Cannata",0,3,0,"7.65",7,5,0,0,0,0,20,27,18,17,2,15,0,16,3,0,1,102,2.1,12.2,0.9,6.8,7.2,1.07,2023
7,"Everett Catlett",3,0,1,"0.86",8,7,0,0,0,0,31.1,13,3,3,1,14,0,34,0,0,2,122,0.862,3.7,0.3,4,9.8,2.43,2023
8,"Maddix Dalena",0,0,NA,"3.38",2,0,0,0,0,0,2.2,2,2,1,0,5,0,4,1,0,1,17,2.625,6.8,0,16.9,13.5,0.8,2023
9,"Nick DeCarlo",0,3,0,"9.24",6,4,1,0,0,0,12.2,15,14,13,1,10,0,12,4,0,2,68,1.974,10.7,0.7,7.1,8.5,1.2,2023
10,"Anthony DeFabbia",2,2,0.5,"2.66",5,5,0,0,0,0,20.1,21,10,6,0,6,0,13,0,0,0,87,1.328,9.3,0,2.7,5.8,2.17,2023
11,"Fenix DiGiacomo",0,0,NA,"4.1500000000000004",5,0,0,0,0,0,8.2,7,4,4,0,8,0,11,2,0,1,42,1.731,7.3,0,8.3,11.4,1.38,2023
12,"Thomas Ellisen",1,0,1,"4.05",6,5,1,0,0,0,20,20,9,9,0,9,0,18,2,0,5,89,1.45,9,0,4.1,8.1,2,2023
13,"Sam Favieri",4,1,0.8,"10.69",9,1,3,0,0,0,16,27,20,19,2,10,0,22,2,0,2,81,2.313,15.2,1.1,5.6,12.4,2.2,2023
14,"Matthew Fletcher",0,0,NA,"2.2999999999999998",8,3,0,0,0,0,27.1,20,8,7,1,13,0,30,1,0,2,110,1.207,6.6,0.3,4.3,9.9,2.31,2023
15,"Danny Kelleher",0,1,0,"5.12",12,0,1,0,0,0,19.1,23,11,11,0,10,0,15,3,0,3,90,1.707,10.7,0,4.7,7,1.5,2023
16,"Shugy Klein",0,0,NA,"6.23",5,0,2,0,0,0,4.1,4,3,3,0,9,0,5,1,0,5,25,3,8.3,0,18.7,10.4,0.56,2023
17,"TJ Melani",2,0,1,"1.62",9,0,2,0,0,1,16.2,10,5,3,1,3,0,20,2,1,2,64,0.78,5.4,0.5,1.6,10.8,6.67,2023
18,"John Modugno",2,0,1,"1.17",6,0,2,0,0,0,7.2,5,2,1,0,7,0,10,3,0,2,38,1.565,5.9,0,8.2,11.7,1.43,2023
19,"Quinlan Montgomery",0,0,NA,"5.74",9,0,2,0,0,0,15.2,15,12,10,2,11,0,14,3,0,2,74,1.66,8.6,1.1,6.3,8,1.27,2023
20,"Landon Moran",0,0,NA,"4.5",1,0,1,0,0,0,2,2,1,1,0,1,0,1,0,0,1,9,1.5,9,0,4.5,4.5,1,2023
21,"James Morice",0,1,0,"20",10,0,4,0,0,0,9,10,22,20,1,18,0,8,7,0,5,61,3.111,10,1,18,8,0.44,2023
22,"Connor Podeszwa",2,1,0.667,"4.82",13,0,5,0,0,1,18.2,19,14,10,1,10,2,20,3,0,1,85,1.554,9.2,0.5,4.8,9.6,2,2023
23,"Alec Rodriguez",0,0,NA,"3.86",3,0,1,0,0,0,4.2,2,2,2,0,4,0,4,0,0,0,20,1.286,3.9,0,7.7,7.7,1,2023
24,"Rian Schwede",0,1,0,"7.11",6,2,1,0,0,0,12.2,15,12,10,2,7,0,8,0,0,1,60,1.737,10.7,1.4,5,5.7,1.14,2023
25,"Colton Shaw",1,0,1,"0",2,0,0,0,0,0,4.1,1,0,0,0,0,0,8,0,0,0,15,0.231,2.1,0,0,16.6,NA,2023
26,"Brandon Smith",3,1,0.75,"1.71",9,1,1,0,0,0,21,16,5,4,2,9,0,25,1,0,0,88,1.19,6.9,0.9,3.9,10.7,2.78,2023
27,"Caleb Stelly",0,0,NA,"72",1,0,0,0,0,0,1,3,8,8,0,4,0,0,1,0,0,11,7,27,0,36,0,0,2023
28,"Evin Sullivan",0,0,NA,"33.75",1,0,1,0,0,0,1.1,5,5,5,3,0,0,2,0,0,0,9,3.75,33.8,20.3,0,13.5,NA,2023
1,"Hector Alejandro",1,1,0.5,"5.48",7,5,0,0,0,0,23,20,15,14,0,16,0,22,1,0,5,104,1.565,7.8,0,6.3,8.6,1.38,2022
2,"Bowen Baker",3,1,0.75,"1.42",14,0,1,0,0,0,25.1,15,6,4,1,9,0,28,0,1,5,95,0.947,5.3,0.4,3.2,9.9,3.11,2022
3,"Jared Burrows",1,3,0.25,"4.58",14,1,2,0,0,0,19.2,20,17,10,1,18,1,18,5,0,7,103,1.932,9.2,0.5,8.2,8.2,1,2022
4,"Jimmy Chatfield",1,0,1,"0.84",6,2,2,0,0,0,10.2,4,1,1,1,5,0,16,0,0,1,40,0.844,3.4,0.8,4.2,13.5,3.2,2022
5,"Jackson DeJohn",0,0,NA,"9.39",6,0,3,0,0,0,7.2,11,8,8,0,6,0,6,0,0,4,43,2.217,12.9,0,7,7,1,2022
6,"Anthony Donofrio",0,0,NA,"0",1,0,0,0,0,0,0.1,0,0,0,0,0,0,1,0,0,0,1,0,0,0,0,27,NA,2022
7,"Reid Easterly",3,0,1,"1.33",12,2,3,0,0,0,27,22,4,4,0,8,0,33,1,0,2,110,1.111,7.3,0,2.7,11,4.13,2022
8,"Sam Favieri",0,0,NA,"10.8",1,0,0,0,0,0,1.2,3,2,2,1,0,0,4,1,0,0,9,1.8,16.2,5.4,0,21.6,NA,2022
9,"Holden Ferrari",0,0,NA,"9",2,0,0,0,0,0,3,2,3,3,1,3,0,4,1,0,1,14,1.667,6,3,9,12,1.33,2022
10,"Jonathan Gonzalez",2,0,1,"2.2000000000000002",6,6,0,0,0,0,32.2,27,8,8,2,3,0,40,1,0,0,123,0.918,7.4,0.6,0.8,11,13.33,2022
11,"Ben Gorski",1,1,0.5,"2.41",13,0,5,0,0,3,18.2,11,7,5,1,9,0,31,1,2,6,76,1.071,5.3,0.5,4.3,14.9,3.44,2022
12,"Connor Harris",4,2,0.667,"1.96",14,0,13,0,0,3,23,17,8,5,0,4,0,24,0,0,0,88,0.913,6.7,0,1.6,9.4,6,2022
13,"Tommy Hughes",0,1,0,"16.88",3,0,0,0,0,0,2.2,6,6,5,1,0,0,2,0,0,1,16,2.25,20.3,3.4,0,6.8,NA,2022
14,"Logan Koester",0,1,0,"3",2,0,0,0,0,0,3,4,2,1,0,0,0,0,0,0,0,14,1.333,12,0,0,0,NA,2022
15,"Alec Lachniet",0,0,NA,"8.31",1,0,0,0,0,0,4.1,6,4,4,0,1,0,2,3,0,0,23,1.615,12.5,0,2.1,4.2,2,2022
16,"Charlie McDaniel",1,1,0.5,"5.4",7,5,0,0,0,0,25,30,15,15,2,6,0,22,0,0,0,108,1.44,10.8,0.7,2.2,7.9,3.67,2022
17,"Jake Noviello",1,2,0.333,"4",8,8,0,0,0,0,36,40,19,16,1,19,1,35,3,0,2,169,1.639,10,0.3,4.8,8.8,1.84,2022
18,"Matt Nunan",1,2,0.333,"2.93",7,6,0,0,0,0,27.2,23,9,9,3,14,0,27,0,0,0,116,1.337,7.5,1,4.6,8.8,1.93,2022
19,"Josh O'Neill",1,0,1,"2.5299999999999998",3,2,1,0,0,0,10.2,9,5,3,1,4,0,9,1,0,2,45,1.219,7.6,0.8,3.4,7.6,2.25,2022
20,"Rian Schwede",0,0,NA,"3.72",4,1,1,0,0,0,9.2,15,4,4,0,1,0,9,0,0,0,42,1.655,14,0,0.9,8.4,9,2022
21,"Zachary Simone",0,1,0,"11.57",10,2,2,0,0,0,11.2,18,19,15,1,11,1,9,2,0,0,66,2.486,13.9,0.8,8.5,6.9,0.82,2022
22,"Anthony Steele",0,0,NA,"6",2,0,0,0,0,0,3,1,2,2,0,4,0,2,2,0,3,16,1.667,3,0,12,6,0.5,2022
23,"Ken Turner",1,1,0.5,"2.4500000000000002",8,0,3,0,0,1,11,10,4,3,0,6,1,7,0,0,1,48,1.455,8.2,0,4.9,5.7,1.17,2022
24,"Johnathan Velazquez",1,1,0.5,"8.1",12,1,5,0,0,0,16.2,24,16,15,2,10,0,19,2,0,0,86,2.04,13,1.1,5.4,10.3,1.9,2022
25,"Brandon White",0,2,0,"6.43",9,1,0,0,0,0,14,23,13,10,0,9,1,7,6,0,3,76,2.286,14.8,0,5.8,4.5,0.78,2022
26,"Brett Wichrowski",1,1,0.5,"3",4,2,0,0,0,0,12,4,5,4,0,5,0,16,2,0,2,49,0.75,3,0,3.8,12,3.2,2022
27,"Robert Zawacki",0,0,NA,"15",3,0,3,0,0,0,3,7,6,5,0,7,0,1,0,0,0,19,4.667,21,0,21,3,0.14,2022
1,"Joe Allen",0,1,0,"6.92",7,2,0,0,0,0,13,11,10,10,2,5,0,10,2,0,0,54,1.231,7.6,1.4,3.5,6.9,2,2023
2,"Michael Anderson",0,0,NA,"0",2,0,1,0,0,1,5,1,0,0,0,0,0,8,0,0,0,16,0.2,1.8,0,0,14.4,NA,2023
3,"Ryan Andrade",2,2,0.5,"2.88",9,4,1,0,0,0,25,15,9,8,1,21,0,32,1,0,1,103,1.44,5.4,0.4,7.6,11.5,1.52,2023
4,"Nelson Berkwich",0,0,NA,"0.84",4,0,1,0,0,1,10.2,4,2,1,0,2,0,14,0,0,1,38,0.563,3.4,0,1.7,11.8,7,2023
5,"Nick Boyle",0,0,NA,"4.91",8,0,4,0,0,0,11,8,6,6,1,6,0,15,0,0,2,47,1.273,6.5,0.8,4.9,12.3,2.5,2023
6,"Aiven Cabral",1,0,1,"1.93",2,1,0,0,0,0,4.2,2,1,1,1,2,0,3,1,0,0,17,0.857,3.9,1.9,3.9,5.8,1.5,2023
7,"Daniel Cohen",0,0,NA,"20.25",1,0,0,0,0,0,1.1,5,3,3,0,0,0,2,0,0,0,9,3.75,33.8,0,0,13.5,NA,2023
8,"Wyatt Danilowicz",0,0,NA,"1.42",5,0,1,0,0,1,6.1,3,1,1,0,9,0,8,1,2,1,30,1.895,4.3,0,12.8,11.4,0.89,2023
9,"Will Gibbs",0,0,NA,"3",5,0,4,0,0,1,6,5,3,2,0,7,0,11,0,0,1,31,2,7.5,0,10.5,16.5,1.57,2023
10,"Santhosh Gottam",4,0,1,"2.37",9,4,3,0,0,3,38,31,12,10,0,11,0,39,4,0,7,157,1.105,7.3,0,2.6,9.2,3.55,2023
11,"Brian Hendry",0,0,NA,"2",4,2,1,0,0,0,9,8,2,2,0,6,0,16,1,0,2,41,1.556,8,0,6,16,2.67,2023
12,"David Horn",0,1,0,"5.93",7,2,3,0,0,0,13.2,10,9,9,2,8,0,18,4,0,0,60,1.317,6.6,1.3,5.3,11.9,2.25,2023
13,"Jake Hunter",5,1,0.833,"0.93",7,6,0,0,0,0,29,21,3,3,1,11,0,40,1,0,0,114,1.103,6.5,0.3,3.4,12.4,3.64,2023
14,"Nate Leibold",0,0,NA,"2.25",8,1,1,0,0,0,16,17,4,4,1,6,0,14,0,1,2,67,1.438,9.6,0.6,3.4,7.9,2.33,2023
15,"Caleb Leys",1,0,1,"1.69",4,2,1,0,0,0,10.2,3,2,2,0,14,0,7,2,0,1,49,1.594,2.5,0,11.8,5.9,0.5,2023
16,"Adam Maher",5,0,1,"1.44",7,6,0,0,0,0,31.1,26,6,5,1,12,0,25,0,0,0,122,1.213,7.5,0.3,3.4,7.2,2.08,2023
17,"Braden Ostrander",1,0,1,"3",9,0,4,0,0,3,12,10,6,4,0,8,0,18,0,0,0,53,1.5,7.5,0,6,13.5,2.25,2023
18,"Nolan Pender",2,2,0.5,"4.37",9,4,2,0,0,0,22.2,24,15,11,2,13,0,23,0,0,1,102,1.632,9.5,0.8,5.2,9.1,1.77,2023
19,"Kevin Seitter",5,1,0.833,"2.59",8,8,0,0,0,0,41.2,27,13,12,2,7,0,50,2,0,0,160,0.816,5.8,0.4,1.5,10.8,7.14,2023
20,"Kade Shatwell",1,2,0.333,"3.86",9,0,2,0,0,0,14,12,8,6,1,9,1,17,3,0,2,65,1.5,7.7,0.6,5.8,10.9,1.89,2023
21,"Garret Simpson",1,1,0.5,"9.24",9,0,2,0,0,0,12.2,21,17,13,6,3,0,14,4,1,2,65,1.895,14.9,4.3,2.1,9.9,4.67,2023
22,"JD Thompson",2,0,1,"0",3,1,0,0,0,0,9.1,5,1,0,0,4,0,17,0,0,2,38,0.964,4.8,0,3.9,16.4,4.25,2023
23,"Grant Umberger",1,0,1,"1.88",9,0,7,0,0,5,14.1,5,3,3,1,12,0,26,1,0,6,61,1.186,3.1,0.6,7.5,16.3,2.17,2023
1,"Chase Allen",0,2,0,"9.18",7,2,1,0,0,0,16.2,24,20,17,4,6,0,16,1,0,1,82,1.8,13,2.2,3.2,8.6,2.67,2022
2,"Seamus Barrett",1,1,0.5,"5.3",8,1,4,0,0,1,18.2,23,11,11,0,9,0,31,1,0,2,88,1.714,11.1,0,4.3,14.9,3.44,2022
3,"Daniel Blair",0,1,0,"3.79",6,3,1,0,0,1,19,19,10,8,3,9,0,15,4,0,1,85,1.474,9,1.4,4.3,7.1,1.67,2022
4,"Jack Bunnell",0,0,NA,"8.31",3,0,1,0,0,0,4.1,3,4,4,1,3,0,8,1,0,0,20,1.385,6.2,2.1,6.2,16.6,2.67,2022
5,"Tyler Cortland",4,1,0.8,"1.71",11,0,7,0,0,1,21,12,5,4,3,4,0,23,1,0,1,77,0.762,5.1,1.3,1.7,9.9,5.75,2022
6,"Garrett Crowley",0,1,0,"3.68",6,0,2,0,0,0,7.1,5,4,3,0,2,1,11,1,0,0,31,0.955,6.1,0,2.5,13.5,5.5,2022
7,"Jake Garland",3,1,0.75,"3.76",5,5,0,0,0,0,26.1,24,11,11,3,5,0,32,1,0,2,108,1.101,8.2,1,1.7,10.9,6.4,2022
8,"Ryan Ginther",3,1,0.75,"3.93",6,2,1,0,0,0,18.1,14,10,8,3,6,0,28,5,0,5,82,1.091,6.9,1.5,2.9,13.7,4.67,2022
9,"Josh Grosz",2,0,1,"2.89",5,2,2,0,0,0,18.2,14,6,6,3,7,0,26,2,0,2,79,1.125,6.8,1.4,3.4,12.5,3.71,2022
10,"Liam LeVangie",1,0,1,"8.1",9,0,4,0,0,1,13.1,20,12,12,2,4,0,9,1,0,2,63,1.8,13.5,1.4,2.7,6.1,2.25,2022
11,"Collin Lowe",1,1,0.5,"2.25",6,6,0,0,0,0,28,21,9,7,1,6,0,39,0,0,0,109,0.964,6.8,0.3,1.9,12.5,6.5,2022
12,"John Lumpinski",1,0,1,"5.71",10,0,5,0,0,0,17.1,15,12,11,0,14,0,18,0,0,5,76,1.673,7.8,0,7.3,9.3,1.29,2022
13,"Logan McGuire",5,1,0.833,"1.86",9,5,4,0,0,1,29,20,9,6,0,6,0,44,0,0,2,113,0.897,6.2,0,1.9,13.7,7.33,2022
14,"Anthony Nelson",0,0,NA,"54",1,0,0,0,0,0,0.1,2,3,2,1,1,0,0,0,0,0,5,9,54,27,27,0,0,2022
15,"Dominic Perachi",1,0,1,"2.2200000000000002",5,5,0,0,0,0,24.1,16,6,6,2,7,0,27,1,1,1,99,0.945,5.9,0.7,2.6,10,3.86,2022
16,"Chase Renner",2,0,1,"7.5",8,3,2,0,0,1,18,22,15,15,1,13,0,26,4,0,2,87,1.944,11,0.5,6.5,13,2,2022
17,"Peter Sakellaris",1,2,0.333,"3.21",12,0,2,0,0,0,14,19,9,5,0,2,0,7,5,0,0,67,1.5,12.2,0,1.3,4.5,3.5,2022
18,"Kevin Seitter",3,1,0.75,"1.8",8,6,1,0,0,0,35,21,15,7,1,11,0,44,4,0,0,141,0.914,5.4,0.3,2.8,11.3,4,2022
19,"Garret Simpson",1,0,1,"0.48",8,0,5,0,0,3,18.2,12,3,1,0,3,0,14,1,0,0,72,0.804,5.8,0,1.4,6.8,4.67,2022
20,"Cole Stasio",1,1,0.5,"4.5",9,4,1,0,0,1,24,20,13,12,0,12,0,30,2,0,0,109,1.333,7.5,0,4.5,11.3,2.5,2022
1,"Matt Bedford",0,0,NA,"11.25",2,0,2,0,0,0,4,7,6,5,0,2,0,2,3,0,2,24,2.25,15.8,0,4.5,4.5,1,2023
2,"Jed Boyle",0,0,NA,"3.6",8,0,1,0,0,0,15,11,9,6,1,9,0,19,1,0,0,66,1.333,6.6,0.6,5.4,11.4,2.11,2023
3,"Marc Cedrone",0,0,NA,"2.7",3,0,2,0,0,1,6.2,4,2,2,0,2,0,4,0,0,3,25,0.9,5.4,0,2.7,5.4,2,2023
4,"John Cerwinski",0,4,0,"7.83",6,5,1,0,0,0,23,19,21,20,6,16,0,20,1,0,2,101,1.522,7.4,2.3,6.3,7.8,1.25,2023
5,"Nate Chudy",1,3,0.25,"4.32",8,8,0,0,0,0,25,20,18,12,0,20,0,35,3,3,7,120,1.6,7.2,0,7.2,12.6,1.75,2023
6,"Nick Feretic",0,1,0,"5.79",7,2,1,0,0,0,14,19,15,9,1,8,0,18,0,2,0,71,1.929,12.2,0.6,5.1,11.6,2.25,2023
7,"Harper Flint",1,0,1,"3.86",1,0,0,0,0,0,2.1,3,1,1,0,2,0,0,0,2,0,12,2.143,11.6,0,7.7,0,0,2023
8,"Dan Galef",1,1,0.5,"5.4",4,1,1,0,0,0,11.2,16,7,7,0,5,0,6,0,3,1,53,1.8,12.3,0,3.9,4.6,1.2,2023
9,"Kyle Hannon",0,0,NA,"0",1,0,0,0,0,0,1,0,0,0,0,2,0,1,0,0,0,5,2,0,0,18,9,0.5,2023
10,"Julien Hernandez",1,3,0.25,"6.19",8,8,0,0,0,0,36.1,36,26,25,5,20,0,40,1,0,10,161,1.541,8.9,1.2,5,9.9,2,2023
11,"Trent Hodgdon",1,2,0.333,"6.59",10,2,5,0,0,1,13.2,10,11,10,1,19,0,29,1,0,8,70,2.122,6.6,0.7,12.5,19.1,1.53,2023
12,"Reed Interdonato",0,1,0,"6.97",8,0,4,0,0,2,10.1,13,11,8,2,10,1,10,0,0,5,54,2.226,11.3,1.7,8.7,8.7,1,2023
13,"Jagger Jefferis",1,0,1,"3.18",10,0,2,0,0,1,17,14,8,6,0,12,0,22,3,0,0,78,1.529,7.4,0,6.4,11.6,1.83,2023
14,"Tommy Kent",1,1,0.5,"10.130000000000001",3,0,2,0,0,0,2.2,3,5,3,0,5,0,3,2,0,4,18,3,10.1,0,16.9,10.1,0.6,2023
15,"David Lally",0,4,0,"5.87",8,1,3,0,0,1,15.1,14,12,10,2,9,1,22,1,0,2,67,1.5,8.2,1.2,5.3,12.9,2.44,2023
16,"Dom Marcoccio",1,2,0.333,"3.29",9,9,0,0,0,0,41,42,20,15,1,10,0,38,6,2,3,178,1.268,9.2,0.2,2.2,8.3,3.8,2023
17,"Jonathan Peterson",1,0,1,"3.55",10,0,4,0,0,0,12.2,11,6,5,1,5,0,17,3,0,0,57,1.263,7.8,0.7,3.6,12.1,3.4,2023
18,"Jack Reynolds",0,0,NA,"0",1,0,1,0,0,0,1,0,0,0,0,0,0,1,0,0,0,3,0,0,0,0,9,NA,2023
19,"Cedric Rose",0,0,NA,"0",1,0,0,0,0,0,0.2,2,1,0,0,0,0,0,0,0,0,5,3,27,0,0,0,NA,2023
20,"Jack Sefrino",1,2,0.333,"9",7,4,1,0,0,0,17,28,19,17,2,12,0,10,1,0,2,91,2.353,14.8,1.1,6.4,5.3,0.83,2023
21,"Gavin Stellpflug",0,1,0,"15.75",10,0,5,0,0,0,12,20,24,21,4,11,0,16,3,1,3,73,2.583,15,3,8.3,12,1.45,2023
22,"Will Tobin",3,1,0.75,"2.0499999999999998",10,1,4,0,0,2,26.1,29,7,6,2,6,0,26,0,0,1,115,1.329,9.9,0.7,2.1,8.9,4.33,2023
23,"Cole Wisenbaker",0,1,0,"1.93",10,0,1,0,0,0,18.2,11,5,4,0,9,0,17,2,0,0,75,1.071,5.3,0,4.3,8.2,1.89,2023
24,"Jack Wren",0,2,0,"4.76",9,1,1,0,0,0,17,13,11,9,0,13,0,13,3,0,0,78,1.529,6.9,0,6.9,6.9,1,2023
1,"Nate Beal",2,3,0.4,"5.74",17,2,4,0,0,0,31.1,24,23,20,2,33,1,25,5,1,9,150,1.819,6.9,0.6,9.5,7.2,0.76,2022
2,"Vince Bianchina",0,0,NA,"0",2,0,2,0,0,0,1.2,0,0,0,0,0,0,0,0,0,0,5,0,0,0,0,0,NA,2022
3,"Will Binder",0,0,NA,"0",1,0,0,0,0,0,1,0,0,0,0,0,0,1,0,0,0,3,0,0,0,0,9,NA,2022
4,"Ryan Birchard",0,1,0,"12",2,0,0,0,0,0,3,2,4,4,0,6,0,6,1,0,3,18,2.667,6,0,18,18,1,2022
5,"Cory Bosecker",0,4,0,"9.35",5,5,0,0,0,0,17.1,22,19,18,1,13,0,28,5,0,2,92,2.019,11.4,0.5,6.8,14.5,2.15,2022
6,"Ben Chrzanowski",0,1,0,"11.57",4,0,1,0,0,0,4.2,10,7,6,1,3,0,5,0,0,1,27,2.786,19.3,1.9,5.8,9.6,1.67,2022
7,"Carson Dunkel",0,0,NA,"4.5",2,0,2,0,0,0,2,2,1,1,0,0,0,0,0,0,0,8,1,9,0,0,0,NA,2022
8,"Jack Dyke",0,0,NA,"8.1",2,0,0,0,0,0,3.1,5,3,3,0,1,0,4,0,0,1,14,1.8,13.5,0,2.7,10.8,4,2022
9,"Alex Fenton",0,1,0,"3.24",6,0,0,0,0,0,8.1,7,5,3,0,7,0,6,2,0,3,42,1.68,7.6,0,7.6,6.5,0.86,2022
10,"Dan Galef",0,1,0,"3.27",2,2,0,0,0,0,11,9,5,4,1,4,0,5,1,1,0,45,1.182,7.4,0.8,3.3,4.1,1.25,2022
11,"Anthony Germinerio",1,0,1,"3.86",3,0,0,0,0,0,4.2,4,4,2,0,3,0,4,1,0,1,22,1.5,7.7,0,5.8,7.7,1.33,2022
12,"Will Hearn",1,3,0.25,"3.12",16,0,9,0,0,3,26,22,17,9,4,17,3,34,4,0,2,122,1.5,7.6,1.4,5.9,11.8,2,2022
13,"Ashton Johnson",0,1,0,"8.6300000000000008",16,0,5,0,0,0,24,41,28,23,6,10,0,12,0,0,2,125,2.125,15.4,2.3,3.8,4.5,1.2,2022
14,"Jacob Maser",0,0,NA,"5.4",1,0,0,0,0,0,1.2,2,2,1,0,1,0,3,0,0,1,9,1.8,10.8,0,5.4,16.2,3,2022
15,"Nate Masteralexis",0,0,NA,"4.5",5,0,3,0,0,0,6,9,4,3,0,2,0,4,2,0,2,30,1.833,13.5,0,3,6,2,2022
16,"Austin McKinney",1,2,0.333,"9.9700000000000006",12,2,0,0,0,0,21.2,33,32,24,6,21,1,19,3,1,9,123,2.492,13.7,2.5,8.7,7.9,0.9,2022
17,"Jack McMullen",0,1,0,"6.64",10,3,4,0,0,0,20.1,15,23,15,1,26,0,24,3,0,9,100,2.016,6.6,0.4,11.5,10.6,0.92,2022
18,"Andrew Neff",1,0,1,"0",2,1,0,0,0,0,7,1,0,0,0,3,0,9,0,0,0,24,0.571,1.3,0,3.9,11.6,3,2022
19,"Cohen Nies",1,1,0.5,"6",6,2,1,1,1,0,18,11,12,12,0,12,0,14,2,0,3,72,1.278,5.5,0,6,7,1.17,2022
20,"Cooper Omans",1,1,0.5,"3.33",5,5,0,0,0,0,24.1,25,9,9,0,8,0,21,4,1,4,105,1.356,9.2,0,3,7.8,2.63,2022
21,"Gerry Peacock",0,1,0,"3",10,0,4,0,0,3,15,12,7,5,0,3,0,22,1,0,1,61,1,7.2,0,1.8,13.2,7.33,2022
22,"Thomas Quinn",0,2,0,"8.84",8,3,1,0,0,0,19.1,32,22,19,3,12,0,14,3,1,4,104,2.276,14.9,1.4,5.6,6.5,1.17,2022
23,"Randy Reyes",2,2,0.5,"1.69",7,6,1,1,0,0,37.1,23,11,7,1,15,1,31,3,0,1,149,1.018,5.5,0.2,3.6,7.5,2.07,2022
24,"Cedric Rose",0,0,NA,"18",1,0,1,0,0,0,1,4,2,2,1,0,0,0,0,0,0,7,4,36,9,0,0,NA,2022
25,"Joe Skapinetz",0,1,0,"11.57",2,0,1,0,0,0,2.1,4,5,3,0,7,0,4,1,0,0,19,4.714,15.4,0,27,15.4,0.57,2022
26,"Kaleb Sophy",0,6,0,"11.39",7,6,1,0,0,0,21.1,41,38,27,2,13,0,18,2,0,1,126,2.531,17.3,0.8,5.5,7.6,1.38,2022
27,"Johnnie Valdez",1,0,1,"3.55",2,2,0,0,0,0,12.2,10,5,5,2,3,0,7,1,0,0,47,1.026,7.1,1.4,2.1,5,2.33,2022
28,"Cole Zaffiro",0,1,0,"5.16",6,5,0,0,0,0,22.2,23,15,13,1,8,0,32,1,0,0,101,1.368,9.1,0.4,3.2,12.7,4,2022
1,"Evan Blanco",0,0,NA,"2.25",2,1,0,0,0,0,4,4,1,1,0,1,0,6,0,1,1,16,1.25,9,0,2.3,13.5,6,2023
2,"Ryan Bradley",0,1,0,"3.86",13,0,3,0,0,0,11.2,5,9,5,0,12,0,21,1,1,3,51,1.457,3.9,0,9.3,16.2,1.75,2023
3,"Colin Brodeur",0,0,NA,"3.32",15,0,2,0,0,2,19,17,10,7,1,8,0,20,1,0,3,82,1.316,8.1,0.5,3.8,9.5,2.5,2023
4,"Tristan Ciampa",1,2,0.333,"5.12",14,2,8,0,0,1,19.1,21,15,11,2,9,0,14,0,0,2,89,1.552,9.8,0.9,4.2,6.5,1.56,2023
5,"Brayden Clark",3,3,0.5,"2.13",7,7,0,0,0,0,38,31,13,9,1,5,0,29,3,0,2,147,0.947,7.3,0.2,1.2,6.9,5.8,2023
6,"Nick Davis",1,2,0.333,"4.1100000000000003",14,0,7,0,0,4,15.1,11,10,7,1,15,1,22,2,0,4,75,1.696,6.5,0.6,8.8,12.9,1.47,2023
7,"Ross Dexter",1,2,0.333,"5.84",5,2,0,0,0,0,12.1,10,9,8,2,7,0,12,3,0,0,55,1.378,7.3,1.5,5.1,8.8,1.71,2023
8,"Sawyer Duarte",0,0,NA,"6.32",12,0,0,0,0,0,15.2,21,11,11,1,8,0,10,1,2,4,77,1.851,12.1,0.6,4.6,5.7,1.25,2023
9,"Brett Dunham",0,2,0,"5.64",7,7,0,0,0,0,22.1,23,14,14,1,16,0,25,6,0,2,111,1.746,9.3,0.4,6.4,10.1,1.56,2023
10,"Alex Erickson",0,0,NA,"7.11",7,0,6,0,0,0,6.1,4,8,5,0,12,0,4,0,0,8,33,2.526,5.7,0,17.1,5.7,0.33,2023
11,"Nate Espelin",3,1,0.75,"3.28",7,7,0,0,0,0,35.2,31,14,13,3,14,0,26,2,0,0,150,1.262,7.8,0.8,3.5,6.6,1.86,2023
12,"Pierce Friedman",1,1,0.5,"8.74",12,0,1,0,0,0,11.1,15,11,11,0,15,0,8,1,0,1,63,2.647,11.9,0,11.9,6.4,0.53,2023
13,"David Hagaman",0,2,0,"10.130000000000001",5,2,2,0,0,0,10.2,14,12,12,0,7,0,11,1,0,3,53,1.969,11.8,0,5.9,9.3,1.57,2023
14,"Kaden Humphrey",3,1,0.75,"2.19",18,0,3,0,0,0,24.2,17,8,6,1,7,0,30,0,0,2,96,0.973,6.2,0.4,2.6,10.9,4.29,2023
15,"Jack Iannibelli",0,0,NA,"10.5",4,0,1,0,0,0,6,8,7,7,1,1,0,1,1,0,1,28,1.5,12,1.5,1.5,1.5,1,2023
16,"Croix Jenkins",0,0,NA,"13.5",13,0,4,0,0,0,12.2,21,22,19,2,13,3,12,4,0,0,75,2.684,14.9,1.4,9.2,8.5,0.92,2023
17,"Will Jones",1,2,0.333,"2.5099999999999998",9,5,2,0,0,0,28.2,31,11,8,1,5,0,37,2,0,1,121,1.256,9.7,0.3,1.6,11.6,7.4,2023
18,"Anthony Mateo",0,0,NA,"9.39",7,0,2,0,0,0,7.2,11,13,8,4,4,0,2,0,0,1,39,1.957,12.9,4.7,4.7,2.3,0.5,2023
19,"Cooper McGrath",0,2,0,"21",5,0,1,0,0,0,3,7,7,7,0,9,0,6,1,0,1,25,5.333,21,0,27,18,0.67,2023
20,"Jake Needham",0,1,0,"4.26",11,0,0,0,0,0,12.2,16,7,6,3,6,0,17,3,0,1,62,1.737,11.4,2.1,4.3,12.1,2.83,2023
21,"Cooper Smith",3,1,0.75,"2.13",7,7,0,0,0,0,38,27,12,9,3,11,0,41,1,0,1,147,1,6.4,0.7,2.6,9.7,3.73,2023
22,"Jairo Vasquez",1,0,1,"4.5",2,0,0,0,0,0,2,1,1,1,0,1,0,3,1,0,0,9,1,4.5,0,4.5,13.5,3,2023
23,"Jacob Wilson",0,1,0,"6",2,2,0,0,0,0,6,8,4,4,0,4,0,7,3,0,1,33,2,12,0,6,10.5,1.75,2023
1,"Connor Bertsch",0,0,NA,"0",1,0,1,0,0,0,1.2,1,0,0,0,1,0,0,1,0,1,7,1.2,5.4,0,5.4,0,0,2022
2,"Packy Bradley-Cooney",0,2,0,"8",8,0,5,0,0,1,9,7,15,8,0,18,0,11,3,0,15,55,2.778,7,0,18,11,0.61,2022
3,"Jack DiLauro",1,1,0.5,"2.7",2,2,0,0,0,0,10,10,3,3,0,4,0,10,1,0,2,44,1.4,9,0,3.6,9,2.5,2022
4,"Nate Espelin",0,2,0,"4.17",19,1,5,0,0,2,36.2,36,18,17,2,22,1,39,1,0,2,161,1.582,8.8,0.5,5.4,9.6,1.77,2022
5,"Jake Gigliotti",2,1,0.667,"2.88",7,7,0,0,0,0,40.2,37,17,13,0,16,0,41,4,0,2,171,1.303,8.2,0,3.5,9.1,2.56,2022
6,"Peyton Heisner",0,2,0,"12.42",15,0,5,0,0,1,16.2,19,28,23,1,17,0,30,7,0,8,97,2.16,10.3,0.5,9.2,16.2,1.76,2022
7,"Graham Jeffries",2,5,0.286,"3.32",7,7,0,0,0,0,38,30,14,14,2,13,0,28,7,0,2,158,1.132,7.1,0.5,3.1,6.6,2.15,2022
8,"Gannon Kadlecik",1,1,0.5,"0",6,0,3,0,0,0,7.2,5,6,0,0,8,0,3,1,0,3,39,1.696,5.9,0,9.4,3.5,0.38,2022
9,"Timmy Kenney",0,0,NA,"5.25",12,0,1,0,0,0,12,14,14,7,0,19,0,7,3,2,3,71,2.75,10.5,0,14.3,5.3,0.37,2022
10,"Max LeBlanc",0,0,NA,"15.95",7,0,3,0,0,0,7.1,14,14,13,1,3,0,7,0,0,1,38,2.318,17.2,1.2,3.7,8.6,2.33,2022
11,"Luke Marshall",1,4,0.2,"3.46",8,8,0,0,0,0,39,32,15,15,0,29,0,44,7,1,5,178,1.564,7.4,0,6.7,10.2,1.52,2022
12,"Tyler McDonald",0,1,0,"9.39",7,0,1,0,0,0,7.2,6,8,8,0,10,0,7,3,0,1,41,2.087,7,0,11.7,8.2,0.7,2022
13,"Brady O'Brien",0,0,NA,"0",1,0,1,0,0,0,1,0,0,0,0,0,0,0,0,0,0,3,0,0,0,0,0,NA,2022
14,"J.D. Ogden",0,3,0,"11.08",5,5,0,0,0,0,13,21,19,16,0,15,0,7,3,0,8,75,2.769,14.5,0,10.4,4.8,0.47,2022
15,"Matt Potok",1,3,0.25,"3.41",8,3,4,0,0,1,29,33,11,11,1,3,0,24,2,0,2,118,1.241,10.2,0.3,0.9,7.4,8,2022
16,"Matt Remley",0,0,NA,"0",3,0,2,0,0,0,6,2,1,0,0,0,0,4,0,0,0,21,0.333,3,0,0,6,NA,2022
17,"Cooper Smith",2,3,0.4,"3.12",9,5,0,0,0,0,40.1,28,16,14,6,13,0,39,6,3,4,168,1.017,6.2,1.3,2.9,8.7,3,2022
18,"Max Tarlin",0,2,0,"7.84",15,0,12,0,0,2,20.2,24,20,18,2,13,1,27,3,0,3,99,1.79,10.5,0.9,5.7,11.8,2.08,2022
19,"Todd Tringale",3,1,0.75,"3.18",6,6,0,0,0,0,34,22,12,12,3,21,0,32,2,0,0,141,1.265,5.8,0.8,5.6,8.5,1.52,2022
20,"Trace Willhoite",0,0,NA,"9",1,0,1,0,0,0,1,1,1,1,0,2,0,0,0,0,0,6,3,9,0,18,0,0,2022
1,"Will Banks",2,1,0.667,"24.75",4,0,0,0,0,0,4,7,11,11,1,11,0,3,2,0,1,30,4.5,15.8,2.3,24.8,6.8,0.27,2023
2,"Parker Bard",1,1,0.5,"6.06",9,1,2,0,0,0,16.1,10,13,11,0,15,0,24,7,0,7,80,1.531,5.5,0,8.3,13.2,1.6,2023
3,"Jalen Borders",0,0,NA,"3.52",3,3,0,0,0,0,7.2,5,3,3,2,10,0,6,2,0,1,38,1.957,5.9,2.3,11.7,7,0.6,2023
4,"Collin Bosley-Smith",1,3,0.25,"4.0199999999999996",12,2,1,0,0,1,15.2,9,11,7,1,17,1,16,1,4,1,73,1.66,5.2,0.6,9.8,9.2,0.94,2023
5,"Joe Cinnella",0,5,0,"5.4",7,6,0,0,0,0,25,32,20,15,3,9,0,16,3,0,2,118,1.64,11.5,1.1,3.2,5.8,1.78,2023
6,"A.J. Colarusso",0,1,0,"4.62",7,6,0,0,0,0,25.1,27,14,13,0,13,0,15,3,0,1,116,1.579,9.6,0,4.6,5.3,1.15,2023
7,"Jake Cook",0,0,NA,"6",10,0,0,0,0,0,12,8,11,8,1,17,0,12,3,0,8,62,2.083,6,0.8,12.8,9,0.71,2023
8,"Jack Erbeck",0,0,NA,"1.93",4,0,1,0,0,1,4.2,3,2,1,0,5,0,6,0,0,1,22,1.714,5.8,0,9.6,11.6,1.2,2023
9,"Brooks Ey",1,3,0.25,"3.04",14,0,6,0,0,1,23.2,19,10,8,3,10,2,21,2,0,0,99,1.225,7.2,1.1,3.8,8,2.1,2023
10,"Aaron Groller",1,0,1,"4.5",13,0,2,0,0,1,24,28,14,12,2,6,0,19,4,0,2,106,1.417,10.5,0.8,2.3,7.1,3.17,2023
11,"Blake Helmstetter",1,1,0.5,"4.37",9,7,0,0,0,0,35,32,18,17,5,9,0,24,3,0,1,151,1.171,8.2,1.3,2.3,6.2,2.67,2023
12,"Nolan Hughes",0,0,NA,"1.69",3,1,0,0,0,0,5.1,0,3,1,0,5,0,12,1,0,2,22,0.938,0,0,8.4,20.3,2.4,2023
13,"Will Jenkins",0,2,0,"6.23",5,3,0,0,0,0,13,16,12,9,3,10,0,7,1,0,1,64,2,11.1,2.1,6.9,4.8,0.7,2023
14,"Dawson Logie",1,0,1,"3.27",10,0,1,0,0,0,11,9,5,4,0,13,1,17,0,0,1,53,2,7.4,0,10.6,13.9,1.31,2023
15,"Alex Logusch",4,0,1,"4",13,0,6,0,0,0,27,16,14,12,2,14,2,42,2,0,5,113,1.111,5.3,0.7,4.7,14,3,2023
16,"Brad Lombardi",0,0,NA,"3",9,1,4,0,0,0,12,14,4,4,1,5,0,15,2,0,1,55,1.583,10.5,0.8,3.8,11.3,3,2023
17,"Wyatt Lunsford-Shenkman",2,1,0.667,"1.65",9,5,3,0,0,1,32.2,21,7,6,0,5,0,34,1,0,3,123,0.796,5.8,0,1.4,9.4,6.8,2023
18,"Duncan McLaughlin",0,0,NA,"4.91",2,0,0,0,0,0,3.2,4,2,2,0,0,0,0,0,0,0,14,1.091,9.8,0,0,0,NA,2023
19,"Braeden Perry",1,1,0.5,"6.14",10,1,1,0,0,0,22,15,17,15,0,19,1,28,5,1,1,103,1.545,6.1,0,7.8,11.5,1.47,2023
20,"Michael Quigley",1,1,0.5,"3.38",10,0,2,0,0,0,10.2,7,4,4,1,5,0,4,1,0,2,44,1.125,5.9,0.8,4.2,3.4,0.8,2023
21,"Kyle Rossy",1,2,0.333,"7.66",10,8,0,0,0,0,24.2,24,23,21,4,25,0,27,5,0,11,126,1.986,8.8,1.5,9.1,9.9,1.08,2023
22,"Jeremy Urena",1,0,1,"0",1,0,0,0,0,0,1.1,1,0,0,0,1,0,2,0,0,0,5,1.5,6.8,0,6.8,13.5,2,2023
23,"Austin Wainer",2,1,0.667,"1.19",15,0,14,0,0,5,22.2,9,3,3,0,12,1,26,3,0,3,90,0.926,3.6,0,4.8,10.3,2.17,2023
1,"Tylor Arruda",0,0,NA,"1.93",2,0,2,0,0,0,4.2,2,1,1,0,2,0,8,1,0,1,19,0.857,3.9,0,3.9,15.4,4,2022
2,"Parker Bard",2,2,0.5,"6.6",13,0,9,0,0,1,15,5,17,11,2,18,2,26,4,0,8,75,1.533,3,1.2,10.8,15.6,1.44,2022
3,"Joe Cinnella",1,3,0.25,"3.61",10,8,0,0,0,0,42.1,37,25,17,1,11,0,36,4,0,2,176,1.134,7.9,0.2,2.3,7.7,3.27,2022
4,"Nick Conte",0,0,NA,"4.09",14,0,4,0,0,1,22,13,13,10,0,25,1,38,0,0,4,102,1.727,5.3,0,10.2,15.5,1.52,2022
5,"Dom Cunha",0,2,0,"7.45",8,0,5,0,0,0,9.2,10,10,8,0,9,0,15,3,0,2,50,1.966,9.3,0,8.4,14,1.67,2022
6,"Jack Erbeck",2,1,0.667,"3.66",16,0,6,0,0,1,19.2,8,8,8,2,18,2,30,1,0,4,85,1.322,3.7,0.9,8.2,13.7,1.67,2022
7,"Brooks Ey",3,1,0.75,"0.69",12,1,6,0,0,3,26,11,5,2,0,6,1,43,0,0,2,101,0.654,3.8,0,2.1,14.9,7.17,2022
8,"Brandyn Garcia",1,1,0.5,"8.1",7,0,1,0,0,0,6.2,10,6,6,1,5,0,12,0,0,0,35,2.25,13.5,1.4,6.8,16.2,2.4,2022
9,"Ryan Gleason",1,0,1,"7.5",11,0,3,0,0,1,12,13,12,10,1,17,0,8,0,0,2,65,2.5,9.8,0.8,12.8,6,0.47,2022
10,"Ayden Head",1,0,1,"0",5,0,2,0,0,1,6.2,4,0,0,0,5,0,7,0,0,1,29,1.35,5.4,0,6.8,9.5,1.4,2022
11,"Jon Jones",0,0,NA,"0",1,0,0,0,0,0,1,0,0,0,0,3,0,1,0,0,0,6,3,0,0,27,9,0.33,2022
12,"Cameron Knox",1,2,0.333,"3.79",7,7,0,0,0,0,35.2,36,18,15,5,5,0,23,2,0,0,151,1.15,9.1,1.3,1.3,5.8,4.6,2022
13,"Jacob Kush",3,0,1,"2.97",8,6,0,0,0,0,30.1,25,13,10,3,21,0,32,0,0,6,134,1.516,7.4,0.9,6.2,9.5,1.52,2022
14,"Blaine Lidsky",0,0,NA,"0",1,0,0,0,0,0,1,1,0,0,0,1,0,0,0,0,0,5,2,9,0,9,0,0,2022
15,"Justin Long",0,0,NA,"23.14",3,0,1,0,0,0,2.1,4,6,6,2,2,0,5,0,0,1,14,2.571,15.4,7.7,7.7,19.3,2.5,2022
16,"Kyle Maves",0,0,NA,"0",1,0,1,0,0,0,0.2,0,0,0,0,0,0,0,0,0,0,2,0,0,0,0,0,NA,2022
17,"Jake McOsker",1,0,1,"4.76",13,0,2,0,0,0,17,13,9,9,3,8,1,16,4,0,0,77,1.235,6.9,1.6,4.2,8.5,2,2022
18,"Tyler Mudd",2,0,1,"0.3",7,5,0,0,0,0,30.1,21,7,1,0,11,0,27,2,0,2,125,1.055,6.2,0,3.3,8,2.45,2022
19,"Nick Payero",1,6,0.143,"4.74",10,8,0,0,0,0,43.2,46,30,23,4,16,0,47,4,0,2,197,1.42,9.5,0.8,3.3,9.7,2.94,2022
20,"Alex Ramirez",0,0,NA,"13.5",2,0,0,0,0,0,1.1,2,2,2,0,4,0,1,2,0,1,11,4.5,13.5,0,27,6.8,0.25,2022
21,"Matt Rowe",0,2,0,"7.36",13,3,1,0,0,0,25.2,24,25,21,6,25,0,34,6,0,4,129,1.909,8.4,2.1,8.8,11.9,1.36,2022
22,"Joe Sheets",2,3,0.4,"2.65",8,6,0,0,0,0,34,32,12,10,2,15,0,37,3,0,3,154,1.382,8.5,0.5,4,9.8,2.47,2022
1,"Bryce Afthim",3,1,0.75,"1.86",8,1,6,0,0,1,19.1,16,7,4,0,1,0,16,1,1,2,74,0.879,7.4,0,0.5,7.4,16,2023
2,"Seamus Barrett",3,2,0.6,"3.23",9,7,1,0,0,0,47.1,38,21,17,3,15,0,58,6,2,3,193,1.12,7.2,0.6,2.9,11,3.87,2023
3,"Cody Bowker",2,0,1,"1.37",7,6,0,0,0,0,26.1,21,4,4,1,11,0,26,4,0,0,106,1.215,7.2,0.3,3.8,8.9,2.36,2023
4,"Connor Caverly",0,0,NA,"5.14",6,0,3,0,0,0,7,6,5,4,0,10,0,3,1,0,1,37,2.286,7.7,0,12.9,3.9,0.3,2023
5,"Ryan Dee",3,0,1,"1.23",10,6,0,0,0,0,36.2,36,12,5,0,14,0,28,5,0,2,164,1.364,8.8,0,3.4,6.9,2,2023
6,"Mike Dragon",0,0,NA,"7.2",4,0,0,0,0,0,5,4,4,4,1,1,0,5,2,0,0,21,1,7.2,1.8,1.8,9,5,2023
7,"Chris Gallagher",2,0,1,"3.68",12,0,5,0,0,0,22,20,10,9,1,10,0,10,1,1,1,97,1.364,8.2,0.4,4.1,4.1,1,2023
8,"Zack Given",0,1,0,"3.48",9,0,2,0,0,0,10.1,9,5,4,1,7,0,8,4,0,0,49,1.548,7.8,0.9,6.1,7,1.14,2023
9,"Peyton Heisner",1,1,0.5,"5.63",7,0,4,0,0,0,8,8,6,5,0,13,0,9,1,0,4,48,2.625,9,0,14.6,10.1,0.69,2023
10,"Justin Honeycutt",1,1,0.5,"1.4",8,8,0,0,0,0,38.2,38,11,6,2,13,0,27,1,1,6,169,1.319,8.8,0.5,3,6.3,2.08,2023
11,"Jacob Jette",1,0,1,"6.75",10,0,0,0,0,0,13.1,20,15,10,1,12,0,6,0,1,4,71,2.4,13.5,0.7,8.1,4.1,0.5,2023
12,"Zach Johnston",0,0,NA,"3.52",6,0,3,0,0,2,7.2,6,5,3,1,6,0,8,1,2,2,37,1.565,7,1.2,7,9.4,1.33,2023
13,"Declan Lavelle",0,0,NA,"6.52",5,0,1,0,0,0,9.2,11,8,7,2,3,0,10,2,0,0,44,1.448,10.2,1.9,2.8,9.3,3.33,2023
14,"Noah Lewis",1,1,0.5,"8.44",4,4,0,0,0,0,16,22,17,15,3,6,0,9,0,0,4,74,1.75,12.4,1.7,3.4,5.1,1.5,2023
15,"Jack Mullen",0,4,0,"3.41",8,7,1,0,0,1,34.1,35,15,13,2,10,0,19,2,0,2,146,1.311,9.2,0.5,2.6,5,1.9,2023
16,"Jake Poindexter",0,0,NA,"3",7,0,5,0,0,2,9,7,3,3,0,6,0,9,1,0,4,40,1.444,7,0,6,9,1.5,2023
17,"Ryan Scott",1,3,0.25,"9.7799999999999994",10,2,4,0,0,1,19.1,28,24,21,3,10,0,15,3,0,1,102,1.966,13,1.4,4.7,7,1.5,2023
18,"Mike Simes",1,4,0.2,"11.78",13,1,5,0,0,1,18.1,28,26,24,1,10,0,12,5,0,6,99,2.073,13.7,0.5,4.9,5.9,1.2,2023
19,"Nick Thompson",5,1,0.833,"1.35",13,1,3,0,0,0,20,17,4,3,0,15,0,13,6,0,5,94,1.6,7.7,0,6.8,5.9,0.87,2023
1,"Brady Afthim",5,1,0.833,"0.68",11,0,9,0,0,3,26.2,14,5,2,0,11,0,49,8,0,2,112,0.938,4.7,0,3.7,16.5,4.45,2022
2,"Bryce Afthim",5,1,0.833,"1.01",10,7,0,1,1,0,44.2,31,5,5,0,7,0,32,3,0,1,174,0.851,6.2,0,1.4,6.4,4.57,2022
3,"Ryan Butler",0,1,0,"5.54",12,2,3,0,0,1,26,22,19,16,1,11,0,22,4,1,5,115,1.269,7.6,0.3,3.8,7.6,2,2022
4,"Brian Craven",2,3,0.4,"1.57",17,1,13,0,0,5,23,17,7,4,0,15,1,26,1,0,2,102,1.391,6.7,0,5.9,10.2,1.73,2022
5,"Ryan Douglas",2,2,0.5,"3.52",8,8,0,0,0,0,46,43,19,18,0,19,0,30,2,0,5,206,1.348,8.4,0,3.7,5.9,1.58,2022
6,"Sonny Fauci",1,3,0.25,"2.1",6,5,0,0,0,0,30,18,11,7,1,14,0,41,3,0,3,123,1.067,5.4,0.3,4.2,12.3,2.93,2022
7,"Carson Frye",0,0,NA,"9",3,0,1,0,0,0,3,4,3,3,0,4,0,3,0,0,1,15,2.667,12,0,12,9,0.75,2022
8,"Zack Given",0,1,0,"10.130000000000001",9,1,4,0,0,0,10.2,18,14,12,2,9,0,11,1,0,1,60,2.531,15.2,1.7,7.6,9.3,1.22,2022
9,"Spencer Hill",0,0,NA,"0",2,0,0,0,0,0,3,1,0,0,0,3,0,6,0,0,2,13,1.333,3,0,9,18,2,2022
10,"Blake MacMillan",1,2,0.333,"5.56",9,0,4,0,0,1,11.1,12,10,7,2,7,0,11,1,0,1,52,1.676,9.5,1.6,5.6,8.7,1.57,2022
11,"Kyle Magrans",0,1,0,"4.5",4,3,1,0,0,0,18,15,11,9,0,8,0,13,0,0,5,75,1.278,7.5,0,4,6.5,1.63,2022
12,"Jake Marshall",1,1,0.5,"3.94",4,4,0,0,0,0,16,11,7,7,0,10,0,24,3,0,7,67,1.313,6.2,0,5.6,13.5,2.4,2022
13,"Jack Mullen",1,1,0.5,"2.4",9,4,3,0,0,0,30,30,11,8,1,13,0,29,0,0,2,124,1.433,9,0.3,3.9,8.7,2.23,2022
14,"Jake Poindexter",0,0,NA,"3.26",11,1,1,0,0,0,19.1,15,10,7,0,16,0,20,0,0,6,88,1.603,7,0,7.4,9.3,1.25,2022
15,"Zach Rodgers",1,3,0.25,"4.26",10,2,2,0,0,0,25.1,18,15,12,1,8,0,27,2,1,8,105,1.026,6.4,0.4,2.8,9.6,3.38,2022
16,"Matt Sapienza",3,0,1,"4.22",6,3,0,0,0,0,21.1,19,12,10,0,14,0,16,2,0,2,98,1.547,8,0,5.9,6.8,1.14,2022
17,"Gavin Stellpflug",0,2,0,"9.9",7,1,1,0,0,0,10,13,12,11,3,8,0,11,0,0,1,48,2.1,11.7,2.7,7.2,9.9,1.38,2022
18,"Owen Sullivan",0,0,NA,"45",2,0,1,0,0,0,1,4,6,5,0,6,0,0,1,0,0,14,10,36,0,54,0,0,2022
19,"Coleman Willis",0,0,NA,"10.57",3,2,0,0,0,0,7.2,7,11,9,1,9,0,9,0,0,5,40,2.087,8.2,1.2,10.6,10.6,1,2022
1,"Chase Adams",0,1,0,"12.19",7,0,4,0,0,0,10.1,16,16,14,0,11,0,10,3,0,0,60,2.613,13.9,0,9.6,8.7,0.91,2023
2,"Randall Alejo",3,1,0.75,"1.99",11,2,6,0,0,1,22.2,13,7,5,1,2,0,39,1,0,2,84,0.662,5.2,0.4,0.8,15.5,19.5,2023
3,"Tommy Allman",1,1,0.5,"3.6",5,4,0,0,0,0,15,14,8,6,0,2,0,22,1,0,0,59,1.067,8.4,0,1.2,13.2,11,2023
4,"Nick Bousquet",0,0,NA,"4.5",1,0,0,0,0,0,2,4,3,1,1,4,0,1,0,0,0,15,4,18,4.5,18,4.5,0.25,2023
5,"Evan Byers",1,1,0.5,"3.09",7,0,2,0,0,1,11.2,11,6,4,0,5,1,17,0,0,4,54,1.371,8.5,0,3.9,13.1,3.4,2023
6,"Michael Ciminiello",0,1,0,"8.7100000000000009",11,0,4,0,0,0,10.1,14,13,10,0,16,0,14,4,0,12,65,2.903,12.2,0,13.9,12.2,0.88,2023
7,"Nate Crider",1,1,0.5,"1.46",11,0,4,0,0,2,12.1,6,2,2,0,7,1,13,3,0,3,53,1.054,4.4,0,5.1,9.5,1.86,2023
8,"Chic DeGaetano",0,0,NA,"11.25",4,0,0,0,0,0,4,4,5,5,0,6,0,1,1,0,2,23,2.5,9,0,13.5,2.3,0.17,2023
9,"Carson Frye",0,1,0,"5.54",4,4,0,0,0,0,13,18,10,8,2,8,0,9,2,0,1,63,2,12.5,1.4,5.5,6.2,1.13,2023
10,"Brady Fuller",2,0,1,"9",4,1,1,0,0,0,8,14,8,8,1,5,0,7,0,0,2,39,2.375,15.8,1.1,5.6,7.9,1.4,2023
11,"Pat Gardner",0,0,NA,"1.46",3,2,0,0,0,0,12.1,7,2,2,0,8,0,13,3,0,1,51,1.216,5.1,0,5.8,9.5,1.63,2023
12,"Jordan Goldmann",0,3,0,"6.2",10,2,2,0,0,1,20.1,21,16,14,1,15,0,12,6,0,2,100,1.77,9.3,0.4,6.6,5.3,0.8,2023
13,"Christian Howe",1,3,0.25,"5.51",11,1,3,0,0,1,16.1,17,11,10,1,10,0,8,1,0,4,72,1.653,9.4,0.6,5.5,4.4,0.8,2023
14,"Russell Hunter",0,2,0,"13.14",9,0,2,0,0,0,12.1,17,21,18,5,14,0,16,1,0,2,67,2.514,12.4,3.6,10.2,11.7,1.14,2023
15,"Jacob Lapham",1,1,0.5,"7.27",3,1,0,0,0,0,8.2,10,10,7,1,9,0,8,2,0,5,45,2.192,10.4,1,9.3,8.3,0.89,2023
16,"Will McCausland",0,0,NA,"0.69",3,3,0,0,0,0,13,9,1,1,0,2,0,11,0,0,0,47,0.846,6.2,0,1.4,7.6,5.5,2023
17,"Luis Misla",3,1,0.75,"2.52",9,5,2,0,0,0,25,18,10,7,2,10,0,27,2,1,1,106,1.12,6.5,0.7,3.6,9.7,2.7,2023
18,"Nick Monistere",0,0,NA,"1.29",5,0,1,0,0,3,7,6,2,1,0,2,0,10,1,0,2,28,1.143,7.7,0,2.6,12.9,5,2023
19,"Devin Murray",0,1,0,"5.68",3,1,1,0,0,0,6.1,7,4,4,0,4,0,8,0,0,2,32,1.737,9.9,0,5.7,11.4,2,2023
20,"Nick Pappas",0,0,NA,"11.81",3,0,1,0,0,0,5.1,11,7,7,0,4,0,5,0,0,1,31,2.813,18.6,0,6.8,8.4,1.25,2023
21,"Hunter Reynolds",0,1,0,"4.1500000000000004",5,3,1,0,0,0,13,11,10,6,2,10,0,11,0,0,3,60,1.615,7.6,1.4,6.9,7.6,1.1,2023
22,"Zach Rogers",3,1,0.75,"5.64",10,3,4,0,0,0,22.1,22,17,14,2,13,1,12,5,0,1,102,1.567,8.9,0.8,5.2,4.8,0.92,2023
23,"Nick Tamburro",0,0,NA,"0",1,0,0,0,0,0,2,1,0,0,0,1,0,2,0,0,0,8,1,4.5,0,4.5,9,2,2023
24,"Will Taylor",0,1,0,"4.76",4,0,0,0,0,0,5.2,4,3,3,1,1,0,6,4,0,1,26,0.882,6.4,1.6,1.6,9.5,6,2023
25,"Teddy Tolliver",1,2,0.333,"4.4400000000000004",6,6,0,0,0,0,24.1,22,15,12,1,9,0,22,5,0,5,113,1.274,8.1,0.4,3.3,8.1,2.44,2023
26,"Brendan Walker",1,1,0.5,"2.2799999999999998",7,4,0,0,0,0,27.2,30,10,7,2,9,0,25,2,1,0,119,1.41,9.8,0.7,2.9,8.1,2.78,2023
1,"Matt Adams",1,0,1,"3.76",6,6,0,0,0,0,26.1,23,11,11,1,10,0,35,4,0,0,115,1.253,7.9,0.3,3.4,12,3.5,2022
2,"Randall Alejo",2,1,0.667,"1.54",8,4,1,0,0,0,23.1,16,5,4,1,4,0,26,5,0,1,92,0.857,6.2,0.4,1.5,10,6.5,2022
3,"Jack Choate",3,2,0.6,"2.39",6,5,0,0,0,0,26.1,18,9,7,1,10,0,35,5,0,8,110,1.063,6.2,0.3,3.4,12,3.5,2022
4,"Riley Dawkins",0,0,NA,"inf",1,0,0,0,0,0,0,0,3,3,0,4,0,0,1,0,1,5,NA,NA,NA,NA,NA,0,2022
5,"Chic DeGaetano",1,3,0.25,"8.02",9,2,2,0,0,0,21.1,26,21,19,3,9,0,19,1,0,2,98,1.641,11,1.3,3.8,8,2.11,2022
6,"Logan Eickhoff",0,0,NA,"18",1,0,0,0,0,0,1,3,2,2,0,1,0,0,0,0,0,7,4,27,0,9,0,0,2022
7,"Ryan Hagenow",1,2,0.333,"2.87",6,3,1,0,0,1,15.2,13,7,5,1,7,0,19,2,0,0,69,1.277,7.5,0.6,4,10.9,2.71,2022
8,"Ryan Ignoffo",1,0,1,"4.26",5,0,1,0,0,0,6.1,9,7,3,0,2,0,8,0,0,2,27,1.737,12.8,0,2.8,11.4,4,2022
9,"Ty Kaufman",0,0,NA,"18",1,0,0,0,0,0,1,3,2,2,0,0,0,2,1,0,0,7,3,27,0,0,18,NA,2022
10,"Hudson Leach",0,1,0,"4.5999999999999996",8,1,1,0,0,0,15.2,16,16,8,1,11,0,20,3,0,4,77,1.723,9.2,0.6,6.3,11.5,1.82,2022
11,"Tyler Legere",0,3,0,"5.84",13,0,8,0,0,1,12.1,13,10,8,2,5,0,12,1,0,1,56,1.459,9.5,1.5,3.6,8.8,2.4,2022
12,"Seth Logue",0,1,0,"1.69",5,4,0,0,0,0,16,11,5,3,2,5,0,17,0,0,0,69,1,6.2,1.1,2.8,9.6,3.4,2022
13,"Chris Lotito",1,0,1,"1.96",8,4,1,0,0,0,23,17,5,5,1,8,0,25,1,0,1,97,1.087,6.7,0.4,3.1,9.8,3.13,2022
14,"Matt McShane",0,0,NA,"0.47",12,1,6,0,0,1,19.1,15,2,1,1,5,0,24,0,0,3,80,1.034,7,0.5,2.3,11.2,4.8,2022
15,"Nick Moran",1,1,0.5,"10.130000000000001",6,1,1,0,0,0,18.2,25,23,21,2,5,0,11,4,0,4,87,1.607,12.1,1,2.4,5.3,2.2,2022
16,"Aaron Munson",4,1,0.8,"4.12",6,1,0,0,0,0,19.2,24,9,9,0,9,0,20,0,0,6,91,1.678,11,0,4.1,9.2,2.22,2022
17,"Trey Nordmann",0,0,NA,"4.91",10,1,7,0,0,4,11,6,6,6,0,10,0,15,3,0,5,52,1.455,4.9,0,8.2,12.3,1.5,2022
18,"Kyle Novak",0,0,NA,"9",2,0,1,0,0,0,2,2,2,2,0,0,0,2,2,0,0,10,1,9,0,0,9,NA,2022
19,"Michael O'Hanlon",0,1,0,"7.3",10,0,3,0,0,0,12.1,17,13,10,2,6,0,14,1,0,2,61,1.865,12.4,1.5,4.4,10.2,2.33,2022
20,"Trey Parker",0,1,0,"9.82",2,0,0,0,0,0,3.2,4,4,4,2,0,0,1,0,0,0,17,1.091,9.8,4.9,0,2.5,NA,2022
21,"Tom Peltier",0,0,NA,"5.46",7,5,1,0,0,0,28,30,21,17,1,15,0,25,3,0,3,127,1.607,9.6,0.3,4.8,8,1.67,2022
22,"Zach Rogers",0,0,NA,"3",1,1,0,0,0,0,3,3,1,1,1,2,0,4,0,0,0,14,1.667,9,3,6,12,2,2022
23,"Sam Slevin",1,0,1,"1.93",3,0,1,0,0,0,4.2,3,1,1,1,2,0,2,1,0,0,20,1.071,5.8,1.9,3.9,3.9,1,2022
24,"William Sullivan",0,1,0,"0",1,0,1,0,0,0,0.1,1,1,0,0,0,0,1,0,0,0,2,3,27,0,0,27,NA,2022
25,"Jack Swarbrick",0,0,NA,"81",1,0,0,0,0,0,0.1,1,3,3,0,1,0,0,1,0,1,4,6,27,0,27,0,0,2022
26,"Austin Wainer",2,4,0.333,"2.73",8,3,2,0,0,0,26.1,26,13,8,2,9,0,24,1,0,1,115,1.329,8.9,0.7,3.1,8.2,2.67,2022
27,"Austin Walsh",0,0,NA,"0",2,0,1,0,0,1,2.1,2,2,0,0,0,0,3,1,1,0,12,0.857,7.7,0,0,11.6,NA,2022
28,"Patrick Williams",1,1,0.5,"6.6",8,0,1,0,0,0,15,21,11,11,2,1,0,18,1,0,1,67,1.467,12.6,1.2,0.6,10.8,18,2022
1,"Jason Arrigo",0,1,0,"2.21",13,0,9,0,0,2,20.1,6,7,5,0,18,0,28,4,1,5,88,1.18,2.7,0,8,12.4,1.56,2023
2,"Thomas Ballard",0,0,NA,"3.42",10,4,0,0,0,0,26.1,22,14,10,0,15,0,25,4,0,4,119,1.405,7.5,0,5.1,8.5,1.67,2023
3,"Jonathan Bautista",1,1,0.5,"3.86",2,2,0,0,0,0,9.1,6,6,4,1,6,0,9,1,1,0,42,1.286,5.8,1,5.8,8.7,1.5,2023
4,"Matt Bergevin",0,1,0,"54",1,0,0,0,0,0,1,5,7,6,3,3,0,1,0,0,0,11,8,45,27,27,9,0.33,2023
5,"Nick Callano",0,3,0,"6.28",7,7,0,0,0,0,28.2,34,24,20,3,13,0,25,4,2,3,137,1.64,10.7,0.9,4.1,7.8,1.92,2023
6,"Zach Cameron",4,0,1,"2.0499999999999998",12,0,11,0,0,3,22,11,7,5,1,10,0,24,2,0,3,87,0.955,4.5,0.4,4.1,9.8,2.4,2023
7,"Tyshaun Diaz",0,0,NA,"37.799999999999997",1,0,0,0,0,0,1.2,5,7,7,0,3,0,2,1,0,3,14,4.8,27,0,16.2,10.8,0.67,2023
8,"Joe Dooley",0,0,NA,"6.43",2,0,0,0,0,0,7,12,6,5,1,1,0,3,1,0,1,34,1.857,15.4,1.3,1.3,3.9,3,2023
9,"Harrison Durow",1,0,1,"2.93",8,0,4,0,0,2,15.1,11,5,5,2,6,0,29,0,0,1,63,1.109,6.5,1.2,3.5,17,4.83,2023
10,"Will Gale",0,0,NA,"9",1,0,0,0,0,0,1,2,1,1,0,1,0,1,0,0,1,7,3,18,0,9,9,1,2023
11,"Leo Harris",2,1,0.667,"3.27",10,1,2,0,0,0,22,18,10,8,0,23,0,23,1,0,5,105,1.864,7.4,0,9.4,9.4,1,2023
12,"Graham Jeffries",1,0,1,"4.1500000000000004",4,3,0,0,0,0,13,8,9,6,2,12,0,10,1,0,1,59,1.538,5.5,1.4,8.3,6.9,0.83,2023
13,"Zach Ketterman",0,0,NA,"4.5",1,0,0,0,0,0,2,3,1,1,0,0,0,3,0,0,1,9,1.5,13.5,0,0,13.5,NA,2023
14,"Terry Murray",2,2,0.5,"3.04",11,2,2,0,0,0,26.2,25,10,9,2,4,0,32,0,0,0,110,1.088,8.4,0.7,1.4,10.8,8,2023
15,"Jaden Palumbo",0,0,NA,"0",1,0,0,0,0,0,1.1,0,0,0,0,0,0,1,0,0,1,4,0,0,0,0,6.8,NA,2023
16,"Ben Roberts",4,1,0.8,"3.53",8,8,0,0,0,0,35.2,30,22,14,1,22,0,33,3,0,2,167,1.458,7.6,0.3,5.6,8.3,1.5,2023
17,"Dillon Ryan",2,1,0.667,"3.57",8,2,0,0,0,0,17.2,10,10,7,1,15,0,23,4,1,2,82,1.415,5.1,0.5,7.6,11.7,1.53,2023
18,"Cian Sahler",0,0,NA,"0.71",6,0,0,0,0,0,12.2,3,1,1,0,7,0,19,0,0,5,49,0.789,2.1,0,5,13.5,2.71,2023
19,"Sean Scanlon",1,2,0.333,"5.68",8,8,0,0,0,0,31.2,33,22,20,0,16,0,18,4,0,8,145,1.547,9.4,0,4.5,5.1,1.13,2023
20,"Kurt Thomas",0,2,0,"9.35",8,4,0,0,0,0,17.1,19,19,18,2,17,0,7,6,0,2,92,2.077,9.9,1,8.8,3.6,0.41,2023
21,"James Vaughn",0,0,NA,"5.79",6,0,0,0,0,0,9.1,10,7,6,0,10,0,8,3,0,1,51,2.143,9.6,0,9.6,7.7,0.8,2023
22,"Mike Weidinger",2,0,1,"2.37",12,0,8,0,0,3,19,14,6,5,1,10,0,34,0,2,2,78,1.263,6.6,0.5,4.7,16.1,3.4,2023
23,"Dylan Wheeler",0,1,0,"18",1,1,0,0,0,0,3,6,6,6,0,1,0,4,1,0,0,17,2.333,18,0,3,12,4,2023
24,"CJ Willis",2,0,1,"0",4,0,2,0,0,0,5,2,1,0,0,4,1,1,0,0,0,22,1.2,3.6,0,7.2,1.8,0.25,2023
25,"Brendan Yagesh",1,2,0.333,"4.5",11,1,3,0,0,0,24,20,13,12,1,19,1,33,2,1,3,109,1.625,7.5,0.4,7.1,12.4,1.74,2023
1,"Connor Bailey",2,2,0.5,"4.74",13,1,7,0,0,0,24.2,17,15,13,0,20,0,27,3,0,6,109,1.5,6.2,0,7.3,9.9,1.35,2022
2,"Sam Belliveau",0,1,0,"7.2",1,1,0,0,0,0,5,7,5,4,0,2,0,2,1,0,0,25,1.8,12.6,0,3.6,3.6,1,2022
3,"Jason Bickford",0,1,0,"15",2,1,0,0,0,0,3,4,8,5,0,8,0,3,1,0,0,23,4,12,0,24,9,0.38,2022
4,"Graeme Carroll",0,0,NA,"6.75",7,0,1,0,0,0,10.2,13,8,8,0,11,0,4,2,1,3,56,2.25,11,0,9.3,3.4,0.36,2022
5,"Mike Casaleggio",0,0,NA,"0",1,0,0,0,0,0,1,1,0,0,0,0,0,2,1,0,0,5,1,9,0,0,18,NA,2022
6,"Manny Corporan",3,0,1,"2.77",6,3,0,0,0,0,26,20,9,8,1,8,0,12,2,0,2,106,1.077,6.9,0.3,2.8,4.2,1.5,2022
7,"Chris DiFiore",0,0,NA,"7.43",7,0,3,0,0,0,13.1,15,14,11,1,4,0,13,4,0,3,64,1.425,10.1,0.7,2.7,8.8,3.25,2022
8,"Lucas DiLuca",0,0,NA,"0",1,0,0,0,0,0,1,0,0,0,0,1,0,0,0,0,0,4,1,0,0,9,0,0,2022
9,"Blaze Fadio",0,1,0,"13.5",1,0,1,0,0,0,0.2,2,1,1,0,1,0,0,0,0,0,6,4.5,27,0,13.5,0,0,2022
10,"Christian Fagnant",1,0,1,"24",3,0,0,0,0,0,3,5,8,8,0,8,0,0,0,0,2,22,4.333,15,0,24,0,0,2022
11,"Chase Hanson",0,1,0,"10.8",3,1,0,0,0,0,5,3,6,6,0,3,0,3,6,0,1,24,1.2,5.4,0,5.4,5.4,1,2022
12,"Kevin Haynes",0,3,0,"5.57",5,5,0,0,0,0,21,24,18,13,3,10,0,18,2,0,4,98,1.619,10.3,1.3,4.3,7.7,1.8,2022
13,"Mikey Jensen",0,0,NA,"7.2",1,1,0,0,0,0,5,4,4,4,0,4,0,3,0,0,1,23,1.6,7.2,0,7.2,5.4,0.75,2022
14,"Ramon Jimenez",0,0,NA,"8.31",3,0,1,0,0,0,4.1,3,4,4,0,6,0,1,2,0,1,23,2.077,6.2,0,12.5,2.1,0.17,2022
15,"Jack Kramer",1,0,1,"5.01",7,6,0,0,0,0,23.1,19,16,13,1,18,0,22,3,0,2,109,1.586,7.3,0.4,6.9,8.5,1.22,2022
16,"Jared Kuryan",1,2,0.333,"6.65",5,4,1,0,0,0,21.2,24,18,16,5,15,0,20,2,0,5,103,1.8,10,2.1,6.2,8.3,1.33,2022
17,"Matt Lauria",1,1,0.5,"1.8",2,2,0,0,0,0,10,8,4,2,0,6,0,7,2,0,0,42,1.4,7.2,0,5.4,6.3,1.17,2022
18,"Charlie Ludwick",0,0,NA,"6.48",4,0,1,0,0,0,8.1,12,7,6,1,3,0,3,3,0,1,40,1.8,13,1.1,3.2,3.2,1,2022
19,"Steve Luttazi",0,0,NA,"12",1,0,0,0,0,0,3,4,4,4,1,1,0,0,2,0,0,14,1.667,12,3,3,0,0,2022
20,"Brendan Lysik",0,0,NA,"0",1,0,0,0,0,0,2,1,0,0,0,0,0,3,1,0,0,7,0.5,4.5,0,0,13.5,NA,2022
21,"Danny Melnick",1,0,1,"7.5",4,0,1,0,0,0,6,9,5,5,2,2,0,2,0,0,0,27,1.833,13.5,3,3,3,1,2022
22,"Terry Murray",0,2,0,"3.91",11,0,4,0,0,1,23,28,15,10,1,5,0,22,4,1,0,106,1.435,11,0.4,2,8.6,4.4,2022
23,"Justin Pacheco",0,1,0,"6.75",3,1,2,0,0,0,8,11,7,6,1,5,0,10,2,0,1,44,2,12.4,1.1,5.6,11.3,2,2022
24,"Ryan Robidoux",0,2,0,"10.29",4,2,1,0,0,0,14,23,19,16,1,4,0,3,4,0,1,73,1.929,14.8,0.6,2.6,1.9,0.75,2022
25,"Andrew Roman",0,0,NA,"4",5,0,3,0,0,2,9,8,5,4,0,4,0,14,1,0,0,41,1.333,8,0,4,14,3.5,2022
26,"Anthony Rosado-Burgos",0,0,NA,"9",2,0,0,0,0,0,7,9,7,7,1,4,0,5,1,0,0,35,1.857,11.6,1.3,5.1,6.4,1.25,2022
27,"Ryan Rumsey",0,1,0,"6.75",1,1,0,0,0,0,5.1,7,4,4,0,2,0,6,0,0,1,24,1.688,11.8,0,3.4,10.1,3,2022
28,"Andrew Sears",1,1,0.5,"5.4",6,4,1,0,0,0,23.1,18,16,14,2,7,0,32,4,0,1,101,1.071,6.9,0.8,2.7,12.3,4.57,2022
29,"Brian Strange",2,2,0.5,"4.5",5,2,1,0,0,0,12,13,8,6,2,7,0,17,0,0,1,56,1.667,9.8,1.5,5.3,12.8,2.43,2022
30,"Nolan Sullivan",0,1,0,"12",2,1,1,0,0,0,9,13,12,12,2,7,0,7,5,0,2,51,2.222,13,2,7,7,1,2022
31,"Jacob Terwilliger",2,1,0.667,"6",9,2,2,0,0,1,18,19,13,12,5,5,0,20,0,0,2,79,1.333,9.5,2.5,2.5,10,4,2022
32,"David Tirrell",0,0,NA,"40.5",1,0,0,0,0,0,0.2,3,8,3,0,4,0,0,1,0,0,11,10.5,40.5,0,54,0,0,2022
33,"Michael Volgende",0,3,0,"6.29",12,2,4,0,0,0,24.1,28,23,17,1,16,0,17,4,1,4,119,1.808,10.4,0.4,5.9,6.3,1.06,2022
34,"Damon Wesley",0,1,0,"4.91",5,4,0,0,0,0,22,25,17,12,3,15,0,8,4,0,2,104,1.818,10.2,1.2,6.1,3.3,0.53,2022
35,"Jordan Yoder",1,0,1,"1.08",8,0,3,0,0,1,16.2,9,2,2,0,2,0,20,4,0,0,62,0.66,4.9,0,1.1,10.8,10,2022
1,"Ben Adams",0,1,0,"5.56",6,3,0,0,0,0,11.1,14,12,7,2,6,0,6,0,0,0,58,1.765,11.1,1.6,4.8,4.8,1,2023
2,"Chris AuClair",0,0,NA,"2.08",5,0,3,0,0,0,4.1,4,1,1,1,1,0,3,1,0,1,20,1.154,8.3,2.1,2.1,6.2,3,2023
3,"Connor Bertsch",0,0,NA,"0",1,0,0,0,0,0,1,0,0,0,0,0,0,1,0,0,0,3,0,0,0,0,9,NA,2023
4,"Colton Book",3,0,1,"3.22",10,1,0,0,0,0,22.1,15,10,8,0,7,0,18,2,0,0,89,0.985,6,0,2.8,7.3,2.57,2023
5,"Brett Borcherding",0,0,NA,"4.5",3,0,0,0,0,0,2,2,3,1,1,4,0,1,1,0,4,13,3,9,4.5,18,4.5,0.25,2023
6,"Max Brulport",0,0,NA,"0",6,0,4,0,0,1,8,6,7,0,1,2,0,6,2,0,1,34,1,6.8,1.1,2.3,6.8,3,2023
7,"Luke Carpenter",0,1,0,"1.23",8,0,2,0,0,1,7.1,7,2,1,1,7,0,2,1,0,1,34,1.909,8.6,1.2,8.6,2.5,0.29,2023
8,"Max Chapman",2,1,0.667,"7.45",5,1,1,0,0,0,9.2,11,10,8,0,4,0,9,2,1,1,46,1.552,10.2,0,3.7,8.4,2.25,2023
9,"Tyler Cox",0,1,0,"1.04",4,0,3,0,0,1,8.2,5,1,1,0,1,0,5,1,0,1,33,0.692,5.2,0,1,5.2,5,2023
10,"Andrew D'Alessio",1,1,0.5,"7.15",7,3,1,0,0,0,11.1,12,10,9,0,11,0,11,3,0,2,59,2.029,9.5,0,8.7,8.7,1,2023
11,"Brian Foley",1,1,0.5,"2.84",11,0,5,0,0,1,19,14,8,6,0,12,0,13,1,0,4,79,1.368,6.6,0,5.7,6.2,1.08,2023
12,"Pat Gardner",0,0,NA,"3.38",3,0,1,0,0,0,2.2,3,2,1,0,3,0,4,0,0,3,12,2.25,10.1,0,10.1,13.5,1.33,2023
13,"Max Gitlin",1,1,0.5,"3.86",5,2,0,0,0,0,14,11,8,6,2,6,0,11,1,0,0,58,1.214,7.1,1.3,3.9,7.1,1.83,2023
14,"Billy Hoffacker",1,0,1,"2.61",6,0,1,0,0,0,10.1,9,3,3,0,10,0,14,1,0,2,47,1.839,7.8,0,8.7,12.2,1.4,2023
15,"Nate Knowles",1,0,1,"2.08",4,4,0,0,0,0,13,7,3,3,1,3,0,17,2,0,2,51,0.769,4.8,0.7,2.1,11.8,5.67,2023
16,"Andre Martinez",0,0,NA,"0",1,0,0,0,0,0,2,0,0,0,0,1,0,0,0,0,0,7,0.5,0,0,4.5,0,0,2023
17,"Nick McAuliffe",0,2,0,"6.75",5,0,2,0,0,1,6.2,9,5,5,1,3,0,8,0,0,0,32,1.8,12.2,1.4,4.1,10.8,2.67,2023
18,"Brendan McFall",0,0,NA,"0",4,0,1,0,0,0,4.2,3,2,0,0,3,0,3,0,0,0,21,1.286,5.8,0,5.8,5.8,1,2023
19,"Jack Metzger",2,0,1,"3.5",4,3,0,0,0,0,18,14,8,7,0,3,0,12,1,1,0,72,0.944,7,0,1.5,6,4,2023
20,"Max Moss",0,2,0,"3.68",12,1,4,0,0,2,14.2,12,7,6,1,4,1,13,1,1,1,58,1.091,7.4,0.6,2.5,8,3.25,2023
21,"Max Parker",1,0,1,"1.38",6,2,2,0,0,0,13,7,3,2,1,7,0,13,0,0,1,53,1.077,4.8,0.7,4.8,9,1.86,2023
22,"Aidan Risse",1,1,0.5,"4.37",10,4,1,0,0,1,22.2,23,12,11,2,12,0,12,6,0,7,111,1.544,9.1,0.8,4.8,4.8,1,2023
23,"Sammy Rosenfield",0,0,NA,"0",2,0,1,0,0,0,0.2,0,0,0,0,2,0,1,1,0,0,6,3,0,0,27,13.5,0.5,2023
24,"Santino Rosso",0,0,NA,"0",1,0,0,0,0,0,1,0,0,0,0,0,0,0,0,0,0,3,0,0,0,0,0,NA,2023
25,"Eddie Smink",2,0,1,"2.84",5,5,0,0,0,0,19,14,6,6,0,9,0,16,1,0,1,81,1.211,6.6,0,4.3,7.6,1.78,2023
26,"Ben Smith",0,1,0,"5.54",8,0,3,0,0,1,13,14,10,8,1,9,0,14,0,0,1,62,1.769,9.7,0.7,6.2,9.7,1.56,2023
27,"Nolan Sparks",2,1,0.667,"1.1599999999999999",7,6,0,0,0,0,31,13,10,4,1,14,0,43,2,0,3,125,0.871,3.8,0.3,4.1,12.5,3.07,2023
28,"Jack Sylvia",1,1,0.5,"7.11",5,0,2,0,0,0,6.1,8,5,5,1,2,0,4,0,0,0,28,1.579,11.4,1.4,2.8,5.7,2,2023
29,"Val Taddei",0,0,NA,"20.25",5,0,1,0,0,0,4,5,10,9,0,11,0,5,1,0,4,29,4,11.3,0,24.8,11.3,0.45,2023
30,"Aidan Tucker",4,0,1,"2.5099999999999998",8,6,0,0,0,0,32.1,27,13,9,3,6,0,17,0,0,1,128,1.021,7.5,0.8,1.7,4.7,2.83,2023
31,"Joseph Voli",1,0,1,"0",2,0,1,0,0,0,3,1,0,0,0,1,0,3,0,0,0,11,0.667,3,0,3,9,3,2023
32,"Jack Walker",1,0,1,"4.5",5,0,0,0,0,0,8,6,4,4,0,7,0,8,1,0,3,38,1.625,6.8,0,7.9,9,1.14,2023
33,"Nathan Waugh",0,0,NA,"0",1,0,0,0,0,0,1,0,0,0,0,0,0,1,0,0,0,3,0,0,0,0,9,NA,2023
1,"Trevor Anibal",0,0,NA,"0",2,0,0,0,0,0,4,3,0,0,0,0,0,2,0,0,0,15,0.75,6.8,0,0,4.5,NA,2022
2,"Nick Beavin",0,0,NA,"0",1,0,0,0,0,0,2,1,1,0,0,2,0,0,0,0,0,8,1.5,4.5,0,9,0,0,2022
3,"Zach Byron",0,2,0,"3.55",9,0,5,0,0,1,12.2,11,6,5,1,9,2,15,0,0,1,59,1.579,7.8,0.7,6.4,10.7,1.67,2022
4,"Luke Carpenter",2,0,1,"1.77",13,1,3,0,0,0,20.1,10,6,4,3,12,0,25,1,0,1,85,1.082,4.4,1.3,5.3,11.1,2.08,2022
5,"Jack Cone",0,0,NA,"6",3,3,0,0,0,0,6,6,4,4,0,6,0,9,0,0,1,31,2,9,0,9,13.5,1.5,2022
6,"Tyler Cox",0,0,NA,"0",2,0,0,0,0,0,3.1,2,0,0,0,2,0,4,0,0,0,15,1.2,5.4,0,5.4,10.8,2,2022
7,"Anthony DeFabbia",3,1,0.75,"2.08",6,5,0,0,0,0,26,21,9,6,1,6,0,22,3,0,0,106,1.038,7.3,0.3,2.1,7.6,3.67,2022
8,"Aaron Dona",0,0,NA,"1.93",3,3,0,0,0,0,14,11,3,3,0,4,0,21,0,0,0,57,1.071,7.1,0,2.6,13.5,5.25,2022
9,"Nick Durgin",2,2,0.5,"4.37",6,6,0,0,0,0,22.2,20,11,11,1,7,0,32,0,0,2,92,1.191,7.9,0.4,2.8,12.7,4.57,2022
10,"Jackson Harrigan",1,0,1,"2.92",9,1,0,0,0,0,12.1,10,8,4,0,7,0,18,1,0,3,54,1.378,7.3,0,5.1,13.1,2.57,2022
11,"Michael Hutchins",0,1,0,"25.07",3,1,1,0,0,0,4.2,11,13,13,1,8,0,5,2,0,0,35,4.071,21.2,1.9,15.4,9.6,0.63,2022
12,"Chris Kahler",2,2,0.5,"3.58",9,8,0,0,0,0,37.2,30,18,15,6,10,0,38,1,0,2,152,1.062,7.2,1.4,2.4,9.1,3.8,2022
13,"Jarrett Korson",1,0,1,"6",4,0,1,0,0,0,9,5,7,6,0,6,0,8,0,0,0,40,1.222,5,0,6,8,1.33,2022
14,"Joey Kosowsky",2,0,1,"1.4",5,5,0,0,0,0,25.2,17,5,4,0,9,0,22,2,0,1,100,1.013,6,0,3.2,7.7,2.44,2022
15,"Jake McDowell",1,0,1,"5.71",12,0,5,0,0,0,17.1,20,12,11,2,9,0,15,1,0,1,82,1.673,10.4,1,4.7,7.8,1.67,2022
16,"Brendan McFall",7,0,1,"1.85",13,0,4,0,0,1,24.1,20,7,5,0,9,0,29,0,0,1,100,1.192,7.4,0,3.3,10.7,3.22,2022
17,"Jack Metzger",1,0,1,"1.23",9,0,8,0,0,4,14.2,11,4,2,0,1,0,18,1,0,0,57,0.818,6.8,0,0.6,11,18,2022
18,"Nic Notarangelo",0,0,NA,"0",1,0,0,0,0,0,3,2,3,0,1,1,0,1,0,0,0,13,1,6,3,3,3,1,2022
19,"Max Parker",3,0,1,"2.14",4,4,0,1,1,0,21,11,6,5,0,9,0,20,0,2,1,82,0.952,4.7,0,3.9,8.6,2.22,2022
20,"Mitchell Pascarella",2,0,1,"2.76",13,0,8,0,0,1,16.1,12,8,5,2,11,0,20,3,0,1,74,1.408,6.6,1.1,6.1,11,1.82,2022
21,"Brendan Pattermann",1,3,0.25,"9.77",9,2,1,0,0,0,15.2,21,19,17,6,6,0,14,2,0,1,72,1.723,12.1,3.4,3.4,8,2.33,2022
22,"Jack Pletter",0,0,NA,"0",1,0,0,0,0,0,1,0,0,0,0,0,0,1,0,0,0,3,0,0,0,0,9,NA,2022
23,"Tom Ruscitti",0,0,NA,"0",1,0,0,0,0,0,1,1,0,0,0,0,0,1,0,0,0,4,1,9,0,0,9,NA,2022
24,"Dillon Ryan",1,0,1,"0",2,0,1,0,0,0,3,1,0,0,0,3,0,2,0,0,2,12,1.333,3,0,9,6,0.67,2022
25,"Matthew Scibilio",2,0,1,"2.35",11,0,3,0,0,0,15.1,9,4,4,0,15,0,23,1,0,1,67,1.565,5.3,0,8.8,13.5,1.53,2022
26,"Jake Simon",1,1,0.5,"3.48",10,0,1,0,0,0,20.2,15,10,8,4,10,0,12,3,0,1,88,1.21,6.5,1.7,4.4,5.2,1.2,2022
27,"Carlos Torres",0,0,NA,"2.4900000000000002",7,5,0,0,0,0,25.1,17,7,7,0,9,0,30,1,0,3,100,1.026,6,0,3.2,10.7,3.33,2022
28,"Mark Trotta",0,0,NA,"0",1,0,1,0,0,0,1,1,0,0,0,0,0,1,0,0,0,4,1,9,0,0,9,NA,2022
