"Rk","Name","G","PA","AB","R","H","2B","3B","HR","RBI","SB","CS","BB","SO","BA","OBP","SLG","OPS","TB","GDP","HBP","SH","SF","IBB","Notes","Team","Year"
1,"Connor Bertsch",3,10,8,1,1,0,0,0,0,0,0,2,3,0.125,0.3,0.125,0.425,1,NA,0,0,0,0,NA,"809cb865",2023
2,"Brandon Butterworth",31,130,110,17,34,8,0,2,15,8,3,18,14,0.309,0.415,0.436,0.852,48,NA,2,0,0,1,NA,"809cb865",2023
3,"Luke Cantwell",30,128,90,22,21,1,0,2,11,10,0,27,23,0.233,0.453,0.311,0.764,28,NA,10,0,1,0,NA,"809cb865",2023
4,"Tyler Cox",32,111,86,17,21,2,0,0,4,2,0,22,16,0.244,0.404,0.267,0.671,23,NA,1,2,0,0,NA,"809cb865",2023
5,"Evan Fox",20,72,54,13,8,4,0,0,9,14,1,10,8,0.148,0.319,0.222,0.542,12,NA,5,0,3,0,NA,"809cb865",2023
6,"Nate Goranson",22,85,67,10,14,4,0,1,12,1,0,12,24,0.209,0.377,0.313,0.69,21,NA,6,0,0,0,NA,"809cb865",2023
7,"Jace Jeremiah",28,81,70,10,13,1,0,0,6,3,0,10,21,0.186,0.288,0.2,0.488,14,NA,0,1,0,0,NA,"809cb865",2023
8,"Andre Martinez",10,29,20,0,4,0,0,0,3,0,1,2,6,0.2,0.393,0.2,0.593,4,NA,5,1,1,0,NA,"809cb865",2023
9,"Jack Renwick",26,67,57,10,15,1,0,0,6,2,1,8,16,0.263,0.364,0.281,0.644,16,NA,1,1,0,0,NA,"809cb865",2023
10,"George Rosales",23,85,58,15,15,3,0,3,13,4,2,15,21,0.259,0.459,0.466,0.924,27,NA,9,0,3,0,NA,"809cb865",2023
11,"Santino Rosso",34,142,119,19,31,9,3,4,25,4,3,20,24,0.261,0.362,0.487,0.849,58,NA,0,1,2,0,NA,"809cb865",2023
12,"Cam Santerre",11,47,37,7,9,1,0,0,5,6,0,7,9,0.243,0.404,0.27,0.675,10,NA,3,0,0,0,NA,"809cb865",2023
13,"Nate Stocum",30,92,79,13,19,4,1,5,19,1,0,9,18,0.241,0.326,0.506,0.832,40,NA,2,0,2,1,NA,"809cb865",2023
14,"Marshall Toole",38,142,120,27,35,6,0,0,16,21,2,18,27,0.292,0.389,0.342,0.73,41,NA,1,3,0,0,NA,"809cb865",2023
15,"Grant Voytovich",24,96,66,14,14,2,0,0,9,9,1,19,25,0.212,0.442,0.242,0.685,16,NA,9,1,1,1,NA,"809cb865",2023
16,"Nathan Waugh",26,90,75,15,16,6,0,2,12,2,0,11,28,0.213,0.333,0.373,0.707,28,NA,3,0,1,0,NA,"809cb865",2023
17,"Tyler Wells",3,10,8,1,1,0,0,0,0,1,0,2,2,0.125,0.3,0.125,0.425,1,NA,0,0,0,0,NA,"809cb865",2023
18,"Aaron Whitley",21,82,71,13,20,3,0,1,10,9,0,5,12,0.282,0.354,0.366,0.72,26,NA,4,0,2,0,NA,"809cb865",2023
19,"T.J. Williams",29,120,100,24,33,6,1,2,19,18,2,11,17,0.33,0.419,0.47,0.889,47,NA,5,3,1,0,NA,"809cb865",2023
1,"Keagan Calero",13,56,42,8,7,0,0,0,5,6,0,13,9,0.167,0.357,0.167,0.524,7,NA,0,0,1,1,NA,"98a58904",2022
2,"Josh Cameron",4,12,11,0,2,0,0,0,1,2,0,0,5,0.182,0.182,0.182,0.364,2,NA,0,1,0,0,NA,"98a58904",2022
3,"Dalton Cody",2,1,1,0,0,0,0,0,0,0,0,0,1,0,0,0,0,0,NA,0,0,0,0,NA,"98a58904",2022
4,"Jack Cone",33,114,94,19,22,3,0,0,14,4,1,13,17,0.234,0.336,0.266,0.602,25,NA,3,1,3,0,NA,"98a58904",2022
5,"Tyler Cox",38,162,140,27,40,5,0,0,22,2,0,10,18,0.286,0.35,0.321,0.672,45,NA,5,5,2,0,NA,"98a58904",2022
6,"Anthony DeFabbia",11,12,12,0,1,0,0,0,0,0,0,0,3,0.083,0.083,0.083,0.167,1,NA,0,0,0,0,NA,"98a58904",2022
7,"Steve DiTomaso",32,130,123,25,32,3,2,5,25,2,0,5,28,0.26,0.285,0.439,0.724,54,NA,0,0,2,0,NA,"98a58904",2022
8,"Evan Fox",35,153,131,40,39,5,0,0,10,21,1,11,15,0.298,0.392,0.336,0.728,44,NA,10,0,1,0,NA,"98a58904",2022
9,"Cameron Gill",10,30,24,4,4,1,1,0,1,0,1,6,7,0.167,0.333,0.292,0.625,7,NA,0,0,0,0,NA,"98a58904",2022
10,"Connor Hujsak",9,39,33,6,9,2,0,2,7,4,0,4,6,0.273,0.385,0.515,0.9,17,NA,2,0,0,0,NA,"98a58904",2022
11,"Tom Josten",23,105,76,17,23,5,0,3,18,3,0,22,25,0.303,0.495,0.487,0.982,37,NA,7,0,0,1,NA,"98a58904",2022
12,"Kade Kretzschmar",5,22,17,5,6,1,0,1,7,1,0,4,3,0.353,0.5,0.588,1.088,10,NA,1,0,0,0,NA,"98a58904",2022
13,"Shane Lussier",12,38,33,2,5,0,0,1,5,0,0,5,11,0.152,0.263,0.242,0.506,8,NA,0,0,0,0,NA,"98a58904",2022
14,"Nic Notarangelo",15,58,50,10,13,2,1,1,7,3,1,7,14,0.26,0.345,0.4,0.745,20,NA,0,0,1,0,NA,"98a58904",2022
15,"Christian Pregent",26,94,79,10,16,5,0,1,11,0,0,9,23,0.203,0.269,0.304,0.573,24,NA,0,1,5,1,NA,"98a58904",2022
16,"Adam Retzbach",24,97,75,13,19,5,0,2,13,1,0,14,15,0.253,0.423,0.4,0.823,30,NA,8,0,0,0,NA,"98a58904",2022
17,"Santino Rosso",21,82,69,15,19,4,1,2,13,1,1,11,13,0.275,0.37,0.449,0.82,31,NA,0,1,1,0,NA,"98a58904",2022
18,"Tom Ruscitti",33,131,107,21,21,4,0,3,17,0,2,18,32,0.196,0.336,0.318,0.654,34,NA,5,0,1,0,NA,"98a58904",2022
19,"Gerry Siracusa",24,112,97,18,32,5,1,1,18,6,1,9,18,0.33,0.393,0.433,0.826,42,NA,3,0,3,0,NA,"98a58904",2022
20,"Joan Sosa",12,45,42,7,10,2,0,0,6,2,0,1,7,0.238,0.267,0.286,0.552,12,NA,1,0,1,0,NA,"98a58904",2022
21,"Mark Trotta",18,77,68,13,22,5,1,1,16,1,0,4,15,0.324,0.364,0.471,0.834,32,NA,2,0,3,0,NA,"98a58904",2022
22,"Matt Venuto",12,42,35,8,11,2,0,1,7,1,0,5,6,0.314,0.429,0.457,0.886,16,NA,2,0,0,1,NA,"98a58904",2022
23,"Tyler Wells",4,15,13,1,1,0,0,0,1,1,0,1,2,0.077,0.133,0.077,0.21,1,NA,0,0,1,0,NA,"98a58904",2022
24,"Ben Williamson",22,94,87,14,26,3,1,0,15,3,0,4,12,0.299,0.351,0.356,0.707,31,NA,3,0,0,0,NA,"98a58904",2022
1,"Matt Bergevin",42,173,135,19,33,8,0,2,20,2,1,27,36,0.244,0.399,0.348,0.747,47,NA,9,0,2,0,NA,"3c4df3e4",2023
2,"Efrain Correa",19,65,53,6,8,1,0,1,6,0,0,10,17,0.151,0.308,0.226,0.534,12,NA,2,0,0,0,NA,"3c4df3e4",2023
3,"Collier Cranford",14,59,54,10,19,2,0,0,7,3,1,2,7,0.352,0.397,0.389,0.786,21,NA,2,1,0,0,NA,"3c4df3e4",2023
4,"Eliot Dix",24,109,95,15,24,3,0,1,5,0,0,10,16,0.253,0.349,0.316,0.664,30,NA,4,0,0,0,NA,"3c4df3e4",2023
5,"Christian Fagnant",1,5,5,0,1,1,0,0,0,0,0,0,3,0.2,0.2,0.4,0.6,2,NA,0,0,0,0,NA,"3c4df3e4",2023
6,"Will Gale",35,154,132,25,35,4,0,0,8,18,5,17,21,0.265,0.349,0.296,0.644,39,NA,1,2,2,0,NA,"3c4df3e4",2023
7,"Matt Garcia",22,95,78,11,21,6,0,0,11,1,2,12,22,0.269,0.376,0.346,0.723,27,NA,2,2,1,0,NA,"3c4df3e4",2023
8,"A.J. Guerrero",36,157,141,21,42,11,0,2,23,4,3,14,32,0.298,0.363,0.418,0.782,59,NA,1,0,1,1,NA,"3c4df3e4",2023
9,"Zach Ketterman",30,122,105,14,22,7,0,3,15,0,0,16,30,0.21,0.32,0.362,0.682,38,NA,1,0,0,0,NA,"3c4df3e4",2023
10,"Conor Kiely",1,3,3,1,1,0,0,0,1,0,0,0,1,0.333,0.333,0.333,0.667,1,NA,0,0,0,0,NA,"3c4df3e4",2023
11,"EJ Kreutzmann",37,163,131,16,36,11,1,2,22,3,3,20,45,0.275,0.407,0.42,0.827,55,NA,10,1,1,0,NA,"3c4df3e4",2023
12,"Drew Metzdorf",5,16,14,1,2,0,0,0,1,3,0,1,3,0.143,0.25,0.143,0.393,2,NA,1,0,0,0,NA,"3c4df3e4",2023
13,"Jeff Pierantoni",34,129,109,19,23,1,0,1,12,16,3,15,19,0.211,0.333,0.248,0.581,27,NA,5,0,0,0,NA,"3c4df3e4",2023
14,"Jack Power",1,3,2,1,0,0,0,0,0,0,0,1,1,0,0.333,0,0.333,0,NA,0,0,0,0,NA,"3c4df3e4",2023
15,"Cian Sahler",25,58,55,4,6,1,0,0,5,2,0,3,5,0.109,0.155,0.127,0.283,7,NA,0,0,0,0,NA,"3c4df3e4",2023
16,"Sean Scanlon",25,54,42,3,6,1,0,1,6,0,0,7,16,0.143,0.315,0.238,0.553,10,NA,4,0,1,1,NA,"3c4df3e4",2023
17,"Kohtaro Shimada",14,31,22,1,6,0,0,0,0,0,0,4,6,0.273,0.484,0.273,0.757,6,NA,5,0,0,0,NA,"3c4df3e4",2023
18,"CJ Willis",24,84,75,10,16,4,0,3,10,2,1,8,17,0.213,0.298,0.387,0.684,29,NA,1,0,0,1,NA,"3c4df3e4",2023
19,"Mason Wolf",19,64,54,9,14,1,0,0,5,0,0,6,10,0.259,0.359,0.278,0.637,15,NA,3,0,1,0,NA,"3c4df3e4",2023
20,"Michael Zarrillo",36,129,100,16,22,7,0,2,13,2,1,23,39,0.22,0.367,0.35,0.717,35,NA,2,1,3,0,NA,"3c4df3e4",2023
1,"Mike Casaleggio",40,158,143,16,33,6,0,0,22,6,3,9,36,0.231,0.285,0.273,0.558,39,NA,3,0,3,0,NA,"16e22885",2022
2,"Lucas DiLuca",27,116,91,19,19,1,0,1,8,4,1,22,20,0.209,0.379,0.253,0.632,23,NA,3,0,0,0,NA,"16e22885",2022
3,"Blaze Fadio",30,130,89,12,17,4,0,1,13,4,1,31,49,0.191,0.434,0.27,0.704,24,NA,8,1,1,0,NA,"16e22885",2022
4,"Christian Fagnant",17,46,41,1,6,2,0,0,2,0,0,4,21,0.146,0.239,0.195,0.434,8,NA,1,0,0,0,NA,"16e22885",2022
5,"Sam Franco",31,134,117,20,28,6,2,3,12,5,3,11,35,0.239,0.328,0.402,0.73,47,NA,5,0,1,0,NA,"16e22885",2022
6,"A.J. Guerrero",23,105,90,19,34,7,2,1,16,2,1,11,18,0.378,0.448,0.533,0.981,48,NA,2,0,2,0,NA,"16e22885",2022
7,"Chase Hanson",27,107,97,12,22,0,2,2,11,5,2,7,23,0.227,0.283,0.33,0.613,32,NA,1,1,1,0,NA,"16e22885",2022
8,"Ramon Jimenez",25,97,86,17,20,2,0,3,12,3,0,8,20,0.233,0.313,0.361,0.673,31,NA,2,1,0,0,NA,"16e22885",2022
9,"Jack Krause",33,124,111,16,25,3,0,2,9,12,3,7,41,0.225,0.29,0.306,0.597,34,NA,4,0,2,0,NA,"16e22885",2022
10,"Charlie Ludwick",34,131,113,13,27,5,0,1,16,0,0,17,31,0.239,0.344,0.31,0.653,35,NA,1,0,0,0,NA,"16e22885",2022
11,"Steve Luttazi",28,105,85,9,22,1,0,0,8,2,1,15,26,0.259,0.4,0.271,0.671,23,NA,5,0,0,0,NA,"16e22885",2022
12,"Jevon Mason",22,101,89,15,25,5,0,0,15,4,1,11,21,0.281,0.356,0.337,0.694,30,NA,0,0,1,0,NA,"16e22885",2022
13,"Robert Mattei",13,56,53,5,13,3,0,0,5,1,0,1,11,0.245,0.25,0.302,0.552,16,NA,0,0,2,0,NA,"16e22885",2022
14,"Danny Melnick",27,87,77,6,14,1,0,0,3,2,0,9,17,0.182,0.264,0.195,0.459,15,NA,0,0,1,0,NA,"16e22885",2022
15,"Damaurys Rodriguez",17,75,57,13,18,5,0,1,9,6,3,16,4,0.316,0.467,0.456,0.923,26,NA,1,0,1,0,NA,"16e22885",2022
16,"Anthony Sherwin",23,93,75,8,14,3,0,2,9,1,0,15,34,0.187,0.333,0.307,0.64,23,NA,2,0,1,0,NA,"16e22885",2022
17,"Kohtaro Shimada",1,1,0,0,0,0,0,0,0,0,1,1,0,NA,1,NA,NA,0,NA,0,0,0,0,NA,"16e22885",2022
18,"Jacob Terwilliger",25,73,60,8,10,1,0,0,1,7,0,11,35,0.167,0.315,0.183,0.498,11,NA,2,0,0,1,NA,"16e22885",2022
1,"Randall Alejo",12,1,0,1,0,0,0,0,0,0,0,1,0,NA,1,NA,NA,0,NA,0,0,0,0,NA,"8f70d759",2023
2,"Marco Ali",10,36,31,4,9,1,0,0,5,3,0,3,5,0.29,0.389,0.323,0.712,10,NA,2,0,0,0,NA,"8f70d759",2023
3,"Austin Beck",21,57,54,8,14,2,0,0,3,7,1,3,20,0.259,0.298,0.296,0.595,16,NA,0,0,0,0,NA,"8f70d759",2023
4,"Kevin Bruggeman",24,92,77,15,23,7,1,0,14,1,0,12,11,0.299,0.391,0.416,0.807,32,NA,1,0,2,0,NA,"8f70d759",2023
5,"Jake Bullard",18,68,56,5,9,1,0,0,2,1,0,10,25,0.161,0.284,0.179,0.462,10,NA,0,1,1,1,NA,"8f70d759",2023
6,"Ryan Cesarini",39,159,140,25,39,4,3,1,17,15,2,16,15,0.279,0.359,0.371,0.73,52,NA,2,0,1,0,NA,"8f70d759",2023
7,"Pat D'Amico",22,70,57,3,9,1,0,0,5,1,0,8,23,0.158,0.286,0.175,0.461,10,NA,3,0,2,0,NA,"8f70d759",2023
8,"Steve Harrington",36,140,122,12,25,8,1,1,12,0,1,13,45,0.205,0.293,0.312,0.604,38,NA,3,0,2,1,NA,"8f70d759",2023
9,"Ethan Kavanagh",12,48,38,5,8,1,1,0,4,3,2,6,7,0.211,0.354,0.29,0.644,11,NA,3,0,1,0,NA,"8f70d759",2023
10,"Kory Klingenbeck",17,53,41,4,5,1,0,1,3,1,0,12,23,0.122,0.321,0.22,0.54,9,NA,0,0,0,0,NA,"8f70d759",2023
11,"Tyler Long",26,93,83,10,22,3,0,0,3,3,2,6,23,0.265,0.326,0.301,0.627,25,NA,2,1,1,0,NA,"8f70d759",2023
12,"Bear Madliak",8,26,22,2,1,0,0,0,0,0,0,1,6,0.046,0.192,0.046,0.238,1,NA,3,0,0,0,NA,"8f70d759",2023
13,"Nick Monistere",22,79,67,14,19,5,1,1,10,6,2,8,17,0.284,0.38,0.433,0.813,29,NA,3,0,1,0,NA,"8f70d759",2023
14,"Adarius Myers",39,167,156,26,53,7,2,2,16,17,4,10,15,0.34,0.377,0.449,0.826,70,NA,0,0,1,0,NA,"8f70d759",2023
15,"Dylan Palmer",30,108,93,18,24,4,0,0,6,13,3,11,13,0.258,0.349,0.301,0.65,28,NA,2,2,0,0,NA,"8f70d759",2023
16,"Garret Pike",25,94,80,12,23,3,1,3,16,3,0,10,27,0.288,0.376,0.463,0.839,37,NA,2,1,1,0,NA,"8f70d759",2023
17,"Damaurys Rodriguez",9,23,19,2,6,0,0,1,2,0,1,2,0,0.316,0.391,0.474,0.865,9,NA,1,0,1,0,NA,"8f70d759",2023
18,"Matthew Russo",24,86,72,4,14,1,0,2,15,1,1,9,16,0.194,0.326,0.292,0.617,21,NA,5,0,0,1,NA,"8f70d759",2023
19,"Chris Worcester",23,91,77,11,21,2,0,1,13,4,0,10,12,0.273,0.352,0.338,0.689,26,NA,1,0,3,0,NA,"8f70d759",2023
1,"Randall Alejo",9,1,1,0,0,0,0,0,0,0,0,0,1,0,0,0,0,0,NA,0,0,0,0,NA,"efa4d9be",2022
2,"Johnny Decker",28,93,76,14,12,1,1,0,7,10,2,12,30,0.158,0.301,0.197,0.499,15,NA,4,0,1,0,NA,"efa4d9be",2022
3,"Logan Eickhoff",7,23,20,3,5,0,0,0,0,1,0,2,1,0.25,0.348,0.25,0.598,5,NA,1,0,0,0,NA,"efa4d9be",2022
4,"Nicholas Fazzari",20,69,58,8,13,3,0,0,4,0,1,8,22,0.224,0.338,0.276,0.614,16,NA,2,1,0,0,NA,"efa4d9be",2022
5,"Michael Goehrig",19,62,60,5,9,0,0,1,4,0,0,1,21,0.15,0.177,0.2,0.377,12,NA,1,0,0,0,NA,"efa4d9be",2022
6,"Max Grant",37,161,142,28,37,12,0,1,18,3,1,15,28,0.261,0.338,0.366,0.704,52,NA,2,1,1,0,NA,"efa4d9be",2022
7,"Jonathan Hogart",39,166,143,24,37,4,1,4,18,7,0,16,29,0.259,0.355,0.385,0.74,55,NA,6,0,1,0,NA,"efa4d9be",2022
8,"Ryan Ignoffo",39,161,138,29,52,12,1,11,45,14,3,18,31,0.377,0.453,0.717,1.171,99,NA,3,0,2,2,NA,"efa4d9be",2022
9,"Ty Kaufman",15,43,37,8,6,0,0,0,4,3,0,6,12,0.162,0.279,0.162,0.441,6,NA,0,0,0,0,NA,"efa4d9be",2022
10,"Thomas Latham",11,34,26,5,7,0,0,0,1,0,1,6,10,0.269,0.441,0.269,0.71,7,NA,2,0,0,0,NA,"efa4d9be",2022
11,"Chris Lotito",13,15,14,0,2,0,0,0,2,0,0,0,10,0.143,0.133,0.143,0.276,2,NA,0,0,1,0,NA,"efa4d9be",2022
12,"Adarius Myers",10,35,29,3,10,3,0,0,4,2,2,6,8,0.345,0.457,0.448,0.905,13,NA,0,0,0,0,NA,"efa4d9be",2022
13,"Kyle Novak",21,83,75,7,18,1,0,0,9,0,0,5,16,0.24,0.289,0.253,0.543,19,NA,1,0,2,0,NA,"efa4d9be",2022
14,"Tyler Sorrentino",36,161,138,31,35,9,2,0,16,14,1,20,40,0.254,0.352,0.348,0.7,48,NA,1,2,0,0,NA,"efa4d9be",2022
15,"Clay Stearns",32,116,83,16,18,2,1,1,11,3,0,21,25,0.217,0.409,0.301,0.71,25,NA,8,1,3,0,NA,"efa4d9be",2022
16,"William Sullivan",40,161,137,18,32,5,0,2,23,9,2,12,34,0.234,0.311,0.314,0.625,43,NA,6,0,6,0,NA,"efa4d9be",2022
17,"Luca Trigiani",37,147,135,13,31,7,0,0,14,6,3,8,34,0.23,0.279,0.282,0.56,38,NA,2,0,2,0,NA,"efa4d9be",2022
18,"Nick Wang",19,68,59,5,10,2,0,0,7,0,0,8,17,0.17,0.265,0.203,0.468,12,NA,0,0,1,1,NA,"efa4d9be",2022
1,"Devan Bade",37,160,136,24,38,5,1,3,25,1,1,16,32,0.279,0.363,0.397,0.76,54,NA,3,3,2,0,NA,"83fae3ee",2023
2,"Cody Bowker",20,29,26,2,5,3,0,0,0,0,1,2,11,0.192,0.276,0.308,0.584,8,NA,1,0,0,0,NA,"83fae3ee",2023
3,"Eddie Eisert",35,144,123,16,34,8,2,2,16,2,0,18,32,0.276,0.368,0.423,0.791,52,NA,1,0,2,0,NA,"83fae3ee",2023
4,"Calvin Hewett",30,131,105,23,29,4,1,3,13,27,3,13,22,0.276,0.408,0.419,0.827,44,NA,11,1,1,0,NA,"83fae3ee",2023
5,"Jeremiah Jenkins",35,127,111,12,22,3,0,5,20,0,1,8,36,0.198,0.276,0.36,0.636,40,NA,5,0,3,1,NA,"83fae3ee",2023
6,"Cameron Johnson",30,95,85,9,14,1,0,0,4,2,3,7,27,0.165,0.253,0.177,0.429,15,NA,3,0,0,0,NA,"83fae3ee",2023
7,"Levi McAllister",17,52,47,3,6,2,0,0,2,0,0,2,23,0.128,0.192,0.17,0.363,8,NA,2,0,1,0,NA,"83fae3ee",2023
8,"Matt Miceli",34,118,102,15,18,3,0,0,9,4,3,13,16,0.177,0.265,0.206,0.471,21,NA,0,1,2,0,NA,"83fae3ee",2023
9,"Matthew Polk",27,110,95,15,28,5,2,1,15,7,2,10,12,0.295,0.376,0.421,0.797,40,NA,3,1,1,1,NA,"83fae3ee",2023
10,"Logan Poteet",32,121,101,13,35,2,0,3,25,0,0,14,31,0.347,0.438,0.455,0.893,46,NA,4,0,2,1,NA,"83fae3ee",2023
11,"JD Rogers",2,6,6,1,3,1,0,0,1,1,0,0,1,0.5,0.5,0.667,1.167,4,NA,0,0,0,0,NA,"83fae3ee",2023
12,"Nick Roselli",38,159,128,21,34,4,2,2,11,5,0,27,31,0.266,0.405,0.375,0.78,48,NA,3,1,0,0,NA,"83fae3ee",2023
13,"Devin Russell",23,75,60,12,14,0,1,3,11,1,2,11,29,0.233,0.373,0.417,0.79,25,NA,3,0,1,0,NA,"83fae3ee",2023
14,"Kevin Skagerlind",35,126,98,23,25,8,0,2,13,8,2,17,18,0.255,0.398,0.398,0.796,39,NA,7,3,1,0,NA,"83fae3ee",2023
15,"Jack Toomey",35,139,114,12,19,10,1,2,9,1,1,21,37,0.167,0.302,0.325,0.627,37,NA,2,0,2,0,NA,"83fae3ee",2023
16,"Simmi Whitehill",29,70,63,8,6,0,1,0,3,3,0,5,42,0.095,0.186,0.127,0.313,8,NA,2,0,0,0,NA,"83fae3ee",2023
17,"Mason Wolf",2,8,6,0,1,0,0,0,3,0,0,0,3,0.167,0.143,0.167,0.31,1,NA,0,1,1,0,NA,"83fae3ee",2023
1,"Devan Bade",33,124,110,11,26,5,0,0,9,4,0,11,29,0.236,0.307,0.282,0.588,31,NA,1,0,2,0,NA,"db8e3c08",2022
2,"David Bermudez",39,161,143,13,35,8,1,0,18,5,1,8,23,0.245,0.3,0.315,0.615,45,NA,5,1,4,0,NA,"db8e3c08",2022
3,"Marco Castillo",11,42,36,2,9,0,0,0,1,3,1,4,8,0.25,0.357,0.25,0.607,9,NA,2,0,0,0,NA,"db8e3c08",2022
4,"A.J. Cook",5,8,5,3,1,1,0,0,0,1,0,2,3,0.2,0.5,0.4,0.9,2,NA,1,0,0,0,NA,"db8e3c08",2022
5,"Adam Dapkewicz",28,117,94,11,21,3,0,0,9,0,1,18,36,0.223,0.353,0.255,0.609,24,NA,2,1,2,0,NA,"db8e3c08",2022
6,"Calvin Hewett",27,121,102,23,24,4,1,4,14,17,3,7,23,0.235,0.333,0.412,0.745,42,NA,9,1,2,0,NA,"db8e3c08",2022
7,"Aidan Kane",39,157,132,19,31,6,1,2,14,1,1,23,26,0.235,0.35,0.341,0.691,45,NA,1,0,1,0,NA,"db8e3c08",2022
8,"Alex Knapp",32,115,99,9,18,3,0,1,7,9,4,10,38,0.182,0.29,0.242,0.532,24,NA,5,1,0,0,NA,"db8e3c08",2022
9,"Grant Knipp",18,75,67,8,15,3,1,3,13,2,1,6,21,0.224,0.297,0.433,0.73,29,NA,1,1,0,0,NA,"db8e3c08",2022
10,"Jayson Kramer",31,109,95,10,17,3,0,1,7,2,3,12,22,0.179,0.278,0.242,0.52,23,NA,1,1,0,0,NA,"db8e3c08",2022
11,"MJ Lucas",19,70,57,8,7,0,0,0,4,0,0,10,31,0.123,0.246,0.123,0.369,7,NA,0,1,2,0,NA,"db8e3c08",2022
12,"Quinn McDaniel",42,187,156,33,48,8,2,8,30,15,2,28,40,0.308,0.417,0.539,0.956,84,NA,2,0,1,0,NA,"db8e3c08",2022
13,"Matthew Polk",19,83,66,10,22,5,0,2,16,4,2,8,12,0.333,0.446,0.5,0.946,33,NA,7,0,2,1,NA,"db8e3c08",2022
14,"Zane Raba",5,17,14,1,3,0,0,0,1,1,0,3,4,0.214,0.353,0.214,0.567,3,NA,0,0,0,0,NA,"db8e3c08",2022
15,"Jake Rainess",24,92,82,15,21,6,1,2,15,10,2,6,26,0.256,0.337,0.427,0.764,35,NA,4,0,0,0,NA,"db8e3c08",2022
16,"Joey Rezek",17,66,59,7,15,3,0,0,5,1,0,7,21,0.254,0.333,0.305,0.638,18,NA,0,0,0,0,NA,"db8e3c08",2022
17,"Kevin Skagerlind",29,97,72,15,9,0,0,0,4,6,0,10,18,0.125,0.333,0.125,0.458,9,NA,13,1,1,0,NA,"db8e3c08",2022
1,"Marco Ali",10,23,20,2,6,0,0,0,0,3,0,3,4,0.3,0.391,0.3,0.691,6,NA,0,0,0,0,NA,"0758b612",2023
2,"Lewis Barnum",27,79,71,11,14,3,2,2,8,3,2,6,11,0.197,0.279,0.38,0.659,27,NA,2,0,0,0,NA,"0758b612",2023
3,"Jack Brooks",28,76,51,13,13,0,1,0,8,9,0,22,17,0.255,0.487,0.294,0.781,15,NA,1,2,0,0,NA,"0758b612",2023
4,"Rob Butler",23,67,62,7,15,2,0,3,6,0,1,3,20,0.242,0.299,0.419,0.718,26,NA,2,0,0,0,NA,"0758b612",2023
5,"Jake Cook",24,18,14,4,5,1,0,0,3,3,2,4,3,0.357,0.5,0.429,0.929,6,NA,0,0,0,0,NA,"0758b612",2023
6,"Austin Denlinger",24,49,44,4,6,0,0,1,5,1,1,5,12,0.136,0.225,0.205,0.429,9,NA,0,0,0,0,NA,"0758b612",2023
7,"Christian Ficca",39,120,101,10,29,2,0,2,9,3,2,13,23,0.287,0.387,0.366,0.753,37,NA,4,1,1,0,NA,"0758b612",2023
8,"Eric Genther",12,35,33,5,12,1,0,1,5,2,0,2,2,0.364,0.4,0.485,0.885,16,NA,0,0,0,0,NA,"0758b612",2023
9,"Davis Gillespie",37,100,86,15,19,2,0,4,11,3,1,11,25,0.221,0.32,0.384,0.704,33,NA,2,0,1,0,NA,"0758b612",2023
10,"Matthew Graveline",37,116,102,20,24,5,0,0,9,18,1,9,28,0.235,0.31,0.284,0.595,29,NA,3,0,2,0,NA,"0758b612",2023
11,"Brodey Heaton",35,118,100,12,28,6,0,5,22,1,0,11,19,0.28,0.381,0.49,0.871,49,NA,6,0,1,0,NA,"0758b612",2023
12,"Drew Holderbach",31,115,100,15,30,3,2,3,19,3,1,12,19,0.3,0.383,0.46,0.843,46,NA,2,0,1,0,NA,"0758b612",2023
13,"Garrett Howe",31,113,87,20,23,7,0,1,15,5,2,23,18,0.264,0.416,0.379,0.795,33,NA,1,0,2,0,NA,"0758b612",2023
14,"T.J. McKenzie",30,93,76,16,10,1,0,1,3,10,1,15,28,0.132,0.29,0.184,0.475,14,NA,2,0,0,0,NA,"0758b612",2023
15,"David Mershon",32,110,88,20,27,2,0,2,11,16,4,20,20,0.307,0.436,0.398,0.834,35,NA,1,0,1,0,NA,"0758b612",2023
16,"Khyree Miller",44,138,118,18,29,2,1,4,16,5,3,19,44,0.246,0.35,0.381,0.732,45,NA,0,1,0,0,NA,"0758b612",2023
17,"Greg Pettay",33,68,56,13,12,1,1,0,8,13,1,9,24,0.214,0.353,0.268,0.621,15,NA,3,0,0,0,NA,"0758b612",2023
18,"Jackson Phinney",38,100,86,7,23,3,1,5,15,6,2,12,29,0.267,0.36,0.5,0.86,43,NA,1,0,1,1,NA,"0758b612",2023
19,"Alex Ramirez",30,86,67,13,13,2,0,2,4,7,1,18,21,0.194,0.361,0.313,0.674,21,NA,0,0,1,0,NA,"0758b612",2023
20,"Parker Rowland",19,72,63,9,13,1,0,2,14,0,0,7,24,0.206,0.292,0.318,0.609,20,NA,1,0,1,1,NA,"0758b612",2023
1,"Tylor Arruda",2,1,1,0,0,0,0,0,0,0,0,0,0,0,0,0,0,0,NA,0,0,0,0,NA,"f5c6dcb2",2022
2,"Dan Baruch",25,80,68,9,13,2,1,3,10,8,3,6,38,0.191,0.313,0.382,0.695,26,NA,6,0,0,0,NA,"f5c6dcb2",2022
3,"Justin Bosland",30,76,57,7,9,1,0,0,1,9,1,14,20,0.158,0.368,0.175,0.544,10,NA,5,0,0,0,NA,"f5c6dcb2",2022
4,"Donovan Cash",20,79,70,8,13,7,0,2,9,1,1,7,15,0.186,0.279,0.371,0.65,26,NA,2,0,0,0,NA,"f5c6dcb2",2022
5,"Pete Ciuffreda",33,135,110,23,33,6,1,5,22,9,5,19,27,0.3,0.422,0.509,0.931,56,NA,5,0,1,1,NA,"f5c6dcb2",2022
6,"Brodey Heaton",32,131,113,16,23,4,1,3,10,2,2,14,40,0.204,0.313,0.336,0.649,38,NA,4,0,0,0,NA,"f5c6dcb2",2022
7,"Drew Holderbach",34,127,109,17,31,3,0,2,18,1,2,13,22,0.284,0.362,0.367,0.729,40,NA,2,0,3,0,NA,"f5c6dcb2",2022
8,"Max Johnson",29,91,77,10,15,0,0,0,4,6,1,13,36,0.195,0.319,0.195,0.514,15,NA,1,0,0,1,NA,"f5c6dcb2",2022
9,"Blaine Lidsky",22,76,63,5,16,2,0,0,5,2,1,10,22,0.254,0.368,0.286,0.654,18,NA,2,0,1,0,NA,"f5c6dcb2",2022
10,"Justin Long",23,67,54,4,8,2,0,0,6,3,1,12,26,0.148,0.299,0.185,0.484,10,NA,0,0,1,0,NA,"f5c6dcb2",2022
11,"Matt Malone",10,27,26,0,3,1,0,0,1,1,0,0,6,0.115,0.111,0.154,0.265,4,NA,0,0,1,0,NA,"f5c6dcb2",2022
12,"Kyle Maves",24,60,53,8,9,1,0,0,3,10,3,6,20,0.17,0.267,0.189,0.455,10,NA,1,0,0,0,NA,"f5c6dcb2",2022
13,"Chase Meggers",29,107,89,13,22,3,0,3,10,1,0,16,15,0.247,0.359,0.382,0.741,34,NA,0,1,1,1,NA,"f5c6dcb2",2022
14,"Khyree Miller",40,143,124,22,31,5,2,10,23,11,3,12,42,0.25,0.35,0.565,0.914,70,NA,7,0,0,1,NA,"f5c6dcb2",2022
15,"Tyler Mudd",12,3,2,1,0,0,0,0,0,0,0,1,1,0,0.333,0,0.333,0,NA,0,0,0,0,NA,"f5c6dcb2",2022
16,"Alex Ramirez",33,103,86,10,20,4,0,4,9,9,4,15,34,0.233,0.359,0.419,0.778,36,NA,2,0,0,1,NA,"f5c6dcb2",2022
17,"Noah Rivera",7,15,11,0,0,0,0,0,2,0,0,3,3,0,0.2,0,0.2,0,NA,0,0,1,0,NA,"f5c6dcb2",2022
18,"Creek Robertson",41,131,115,15,22,5,1,0,5,9,3,8,42,0.191,0.269,0.252,0.521,29,NA,5,1,2,0,NA,"f5c6dcb2",2022
19,"Joe Sheets",8,4,4,1,1,0,0,0,0,0,0,0,0,0.25,0.25,0.25,0.5,1,NA,0,0,0,0,NA,"f5c6dcb2",2022
20,"Dustin Siqueira",2,1,1,0,0,0,0,0,0,0,0,0,0,0,0,0,0,0,NA,0,0,0,0,NA,"f5c6dcb2",2022
21,"Jake Studley",41,159,147,26,45,7,1,4,13,7,1,9,29,0.306,0.359,0.449,0.808,66,NA,3,0,0,0,NA,"f5c6dcb2",2022
22,"Justin Szestowicki",17,54,48,5,5,0,0,1,4,4,0,4,18,0.104,0.17,0.167,0.337,8,NA,0,1,1,0,NA,"f5c6dcb2",2022
1,"Ivan Arias",3,2,2,0,0,0,0,0,0,0,0,0,1,0,0,0,0,0,NA,0,0,0,0,NA,"9f75a8ee",2023
2,"Jake Berger",41,189,134,25,31,7,1,1,14,8,1,39,32,0.231,0.425,0.321,0.746,43,NA,9,3,4,1,NA,"9f75a8ee",2023
3,"Matt Chatelle",33,118,106,13,25,7,0,2,19,2,2,7,19,0.236,0.291,0.359,0.649,38,NA,2,1,2,0,NA,"9f75a8ee",2023
4,"Stan DeMartinis",33,131,106,21,29,7,3,1,17,7,2,19,26,0.274,0.397,0.425,0.821,45,NA,4,0,2,1,NA,"9f75a8ee",2023
5,"Brandon Drapeau",30,119,104,8,29,5,0,2,16,1,0,7,19,0.279,0.342,0.385,0.727,40,NA,4,2,2,0,NA,"9f75a8ee",2023
6,"Andrew Eppinger",12,22,16,3,2,0,0,0,0,0,0,5,6,0.125,0.364,0.125,0.489,2,NA,1,0,0,0,NA,"9f75a8ee",2023
7,"Evan Griffis",31,132,117,21,36,9,1,4,25,10,2,10,27,0.308,0.371,0.504,0.876,59,NA,3,0,2,0,NA,"9f75a8ee",2023
8,"Jackson Hornung",13,56,51,7,8,2,0,2,6,0,1,5,13,0.157,0.232,0.314,0.546,16,NA,0,0,0,0,NA,"9f75a8ee",2023
9,"Jacob Jarrell",22,87,73,10,19,4,3,4,17,1,0,9,26,0.26,0.333,0.562,0.895,41,NA,1,0,4,0,NA,"9f75a8ee",2023
10,"Brendan Jones",38,113,96,11,19,4,0,0,10,1,2,13,23,0.198,0.306,0.24,0.546,23,NA,2,2,0,1,NA,"9f75a8ee",2023
11,"Henry Kaczmar",34,135,112,26,35,6,2,0,11,9,1,22,24,0.313,0.43,0.402,0.831,45,NA,1,0,0,0,NA,"9f75a8ee",2023
12,"Mike La Rocca",3,10,9,0,2,0,0,0,1,0,0,1,2,0.222,0.3,0.222,0.522,2,NA,0,0,0,0,NA,"9f75a8ee",2023
13,"Jake McElroy",40,139,106,17,25,1,0,0,8,6,0,28,29,0.236,0.402,0.245,0.647,26,NA,2,2,1,0,NA,"9f75a8ee",2023
14,"Peter Messervy",29,113,102,9,19,2,0,0,4,3,1,8,18,0.186,0.259,0.206,0.465,21,NA,2,1,0,0,NA,"9f75a8ee",2023
15,"Tommy O'Connor",10,24,20,2,1,0,0,0,0,0,0,3,16,0.05,0.208,0.05,0.258,1,NA,1,0,0,0,NA,"9f75a8ee",2023
16,"D.J. Pacheco",29,82,61,9,13,2,0,0,7,4,0,15,25,0.213,0.363,0.246,0.608,15,NA,1,2,3,0,NA,"9f75a8ee",2023
17,"Evan Smith",2,2,1,1,0,0,0,0,0,0,0,1,1,0,0.5,0,0.5,0,NA,0,0,0,0,NA,"9f75a8ee",2023
18,"Luca Trigiani",28,94,83,12,18,0,0,0,9,1,0,9,18,0.217,0.294,0.217,0.51,18,NA,0,2,0,0,NA,"9f75a8ee",2023
19,"Nick White",5,15,13,3,3,1,0,1,1,1,0,2,6,0.231,0.333,0.539,0.872,7,NA,0,0,0,0,NA,"9f75a8ee",2023
20,"Tanner Zellem",22,62,50,6,9,3,0,1,6,1,1,9,20,0.18,0.307,0.3,0.607,15,NA,1,0,2,0,NA,"9f75a8ee",2023
1,"Connor Bertsch",38,135,114,14,26,3,1,2,13,0,0,17,41,0.228,0.321,0.325,0.646,37,NA,0,1,3,0,NA,"bb30defe",2022
2,"Nathan Blasick",39,152,126,13,29,9,0,2,18,6,2,22,53,0.23,0.362,0.349,0.711,44,NA,4,0,0,0,NA,"bb30defe",2022
3,"Jake Bullard",17,53,45,5,13,1,1,0,1,3,0,6,22,0.289,0.396,0.356,0.752,16,NA,2,0,0,0,NA,"bb30defe",2022
4,"Justin Cassella",22,82,67,13,18,4,1,0,9,8,1,13,30,0.269,0.388,0.358,0.746,24,NA,0,2,0,0,NA,"bb30defe",2022
5,"Stan DeMartinis",36,123,105,8,20,4,0,0,5,9,2,14,30,0.191,0.293,0.229,0.521,24,NA,2,0,2,0,NA,"bb30defe",2022
6,"Ty Dooley",30,80,68,8,14,0,1,1,5,4,2,9,22,0.206,0.325,0.279,0.604,19,NA,3,0,0,0,NA,"bb30defe",2022
7,"Alex Duffey",3,8,6,1,0,0,0,0,0,0,0,1,4,0,0.25,0,0.25,0,NA,1,0,0,0,NA,"bb30defe",2022
8,"Jarrett Ford",9,30,24,3,4,1,0,0,1,1,1,4,7,0.167,0.276,0.208,0.484,5,NA,0,1,1,0,NA,"bb30defe",2022
9,"Mike Gervasi",16,51,50,2,6,0,1,0,1,0,0,1,22,0.12,0.137,0.16,0.297,8,NA,0,0,0,0,NA,"bb30defe",2022
10,"Jake Gustin",31,116,105,11,23,8,1,1,11,2,1,7,24,0.219,0.281,0.343,0.624,36,NA,2,2,0,1,NA,"bb30defe",2022
11,"Jonathan Luders",26,108,90,13,21,1,0,0,5,1,1,6,6,0.233,0.346,0.244,0.59,22,NA,10,1,1,0,NA,"bb30defe",2022
12,"Jake McElroy",42,166,139,12,30,2,0,0,13,4,0,19,36,0.216,0.306,0.23,0.537,32,NA,0,6,2,0,NA,"bb30defe",2022
13,"Brady O'Brien",32,86,71,5,12,1,0,0,4,3,0,12,22,0.169,0.291,0.183,0.474,13,NA,1,0,2,0,NA,"bb30defe",2022
14,"Jack Penney",24,95,81,7,16,1,0,1,7,4,1,12,31,0.198,0.305,0.247,0.552,20,NA,1,0,1,0,NA,"bb30defe",2022
15,"Jackson Phinney",11,34,31,0,5,0,0,0,1,1,0,2,14,0.161,0.235,0.161,0.397,5,NA,1,0,0,0,NA,"bb30defe",2022
16,"Reece Rappoli",6,18,17,1,3,0,0,0,1,0,1,1,7,0.177,0.222,0.177,0.399,3,NA,0,0,0,0,NA,"bb30defe",2022
17,"Charlie Taylor",21,70,61,5,12,0,0,1,7,2,1,7,22,0.197,0.3,0.246,0.546,15,NA,2,0,0,0,NA,"bb30defe",2022
18,"Max Viera",31,124,112,10,22,4,2,1,12,8,0,5,22,0.196,0.252,0.295,0.547,33,NA,4,1,2,1,NA,"bb30defe",2022
19,"Trace Willhoite",20,52,46,9,8,1,0,1,3,2,0,6,17,0.174,0.269,0.261,0.53,12,NA,0,0,0,0,NA,"bb30defe",2022
20,"Rob Wirtanen",11,30,25,3,6,0,1,0,3,0,0,4,9,0.24,0.333,0.32,0.653,8,NA,0,0,1,0,NA,"bb30defe",2022
1,"Chad Born",15,56,47,6,6,2,0,0,5,2,0,6,12,0.128,0.25,0.17,0.42,8,NA,2,0,1,0,NA,"4458bb59",2023
2,"Tremayne Cobb",15,56,52,7,13,3,0,1,6,5,1,2,16,0.25,0.291,0.365,0.656,19,NA,1,1,0,0,NA,"4458bb59",2023
3,"Gehrig Ebel",17,59,46,7,13,4,1,0,6,1,0,8,13,0.283,0.431,0.413,0.844,19,NA,4,1,0,0,NA,"4458bb59",2023
4,"Camden Gasser",8,31,20,6,1,0,0,0,0,3,0,11,3,0.05,0.387,0.05,0.437,1,NA,0,0,0,0,NA,"4458bb59",2023
5,"Jack Goodman",1,4,4,0,0,0,0,0,0,0,0,0,2,0,0,0,0,0,NA,0,0,0,0,NA,"4458bb59",2023
6,"Kyle Hannon",33,135,115,13,32,7,0,2,11,14,4,17,15,0.278,0.378,0.391,0.769,45,NA,2,0,1,0,NA,"4458bb59",2023
7,"Trent Hodgdon",11,1,1,0,0,0,0,0,0,0,0,0,1,0,0,0,0,0,NA,0,0,0,0,NA,"4458bb59",2023
8,"D.M. Jefferson",33,129,104,17,28,3,0,2,8,9,2,22,33,0.269,0.411,0.356,0.767,37,NA,3,0,0,1,NA,"4458bb59",2023
9,"Gunnar Johnson",23,82,73,7,14,6,0,2,11,1,0,7,21,0.192,0.281,0.356,0.637,26,NA,2,0,0,0,NA,"4458bb59",2023
10,"Nathan Lincoln",37,147,126,19,35,2,0,0,10,10,1,16,31,0.278,0.361,0.294,0.655,37,NA,1,3,1,0,NA,"4458bb59",2023
11,"Hudson Polk",31,120,98,19,21,2,0,5,10,6,0,18,26,0.214,0.35,0.388,0.738,38,NA,3,0,1,2,NA,"4458bb59",2023
12,"Jake Reinisch",26,109,93,11,21,4,0,2,10,2,1,12,21,0.226,0.321,0.333,0.654,31,NA,2,0,2,0,NA,"4458bb59",2023
13,"Jack Reynolds",37,131,100,10,17,3,0,1,9,4,1,25,35,0.17,0.341,0.23,0.571,23,NA,1,5,0,0,NA,"4458bb59",2023
14,"Cedric Rose",25,99,82,11,16,4,0,4,14,0,0,11,29,0.195,0.313,0.39,0.703,32,NA,4,0,2,0,NA,"4458bb59",2023
15,"Jack Sefrino",8,1,1,0,0,0,0,0,0,0,0,0,0,0,0,0,0,0,NA,0,0,0,0,NA,"4458bb59",2023
16,"Sam Sherman",19,58,52,2,10,2,0,0,2,2,0,5,16,0.192,0.276,0.231,0.507,12,NA,1,0,0,0,NA,"4458bb59",2023
17,"Jason Shockley",6,25,22,3,3,0,0,0,0,0,0,2,8,0.136,0.24,0.136,0.376,3,NA,1,0,0,0,NA,"4458bb59",2023
18,"Brendan Stannard",2,9,7,1,2,0,0,0,1,1,0,2,2,0.286,0.444,0.286,0.73,2,NA,0,0,0,0,NA,"4458bb59",2023
19,"Aiden Stewart",23,88,72,9,12,1,0,0,9,1,1,11,20,0.167,0.287,0.181,0.468,13,NA,2,1,2,0,NA,"4458bb59",2023
20,"Sam Tackett",39,164,132,32,37,10,0,8,25,8,3,29,44,0.28,0.415,0.538,0.953,71,NA,2,0,1,1,NA,"4458bb59",2023
21,"Ben Watson",9,39,36,6,6,1,0,0,3,4,1,3,10,0.167,0.231,0.194,0.425,7,NA,0,0,0,0,NA,"4458bb59",2023
1,"Vince Bianchina",32,119,94,16,29,4,0,0,15,8,2,16,11,0.309,0.441,0.351,0.792,33,NA,7,1,1,0,NA,"c3c84957",2022
2,"Will Binder",32,105,97,8,17,2,0,2,7,1,1,5,28,0.175,0.231,0.258,0.489,25,NA,2,1,0,0,NA,"c3c84957",2022
3,"Dixon Black",14,58,50,5,12,2,1,1,6,4,3,7,9,0.24,0.345,0.38,0.725,19,NA,1,0,0,0,NA,"c3c84957",2022
4,"Trey Ciulla-Hall",15,54,44,9,6,0,0,1,3,3,0,9,15,0.136,0.296,0.205,0.501,9,NA,1,0,0,0,NA,"c3c84957",2022
5,"Tommy DiTullio",27,107,96,15,23,2,0,0,8,3,0,6,24,0.24,0.308,0.26,0.569,25,NA,4,0,1,0,NA,"c3c84957",2022
6,"Carson Dunkel",26,81,63,9,10,4,0,0,3,2,2,16,24,0.159,0.333,0.222,0.556,14,NA,1,0,1,0,NA,"c3c84957",2022
7,"Tyler Epstein",16,53,47,6,12,3,0,0,3,3,1,5,11,0.255,0.34,0.319,0.659,15,NA,1,0,0,0,NA,"c3c84957",2022
8,"Cesar Franco",26,89,71,4,10,2,0,0,5,2,1,14,20,0.141,0.303,0.169,0.472,12,NA,3,0,1,0,NA,"c3c84957",2022
9,"Ryan Galanie",40,165,140,20,34,5,0,6,31,8,4,16,28,0.243,0.346,0.407,0.753,57,NA,7,0,2,0,NA,"c3c84957",2022
10,"Kyle Hannon",21,71,63,7,13,3,1,1,7,4,1,8,14,0.206,0.296,0.333,0.629,21,NA,0,0,0,1,NA,"c3c84957",2022
11,"Scott Jones",20,71,61,8,16,2,0,0,4,2,1,7,9,0.262,0.343,0.295,0.638,18,NA,1,1,1,1,NA,"c3c84957",2022
12,"Alex Lane",27,104,90,11,25,7,0,3,12,1,0,8,31,0.278,0.365,0.456,0.821,41,NA,5,0,1,0,NA,"c3c84957",2022
13,"Ryan Magdic",13,50,44,7,12,6,0,1,12,0,0,3,10,0.273,0.3,0.477,0.777,21,NA,0,0,3,0,NA,"c3c84957",2022
14,"Nate Masteralexis",6,1,1,0,0,0,0,0,0,0,0,0,1,0,0,0,0,0,NA,0,0,0,0,NA,"c3c84957",2022
15,"Joaquin Monque",16,59,48,3,10,2,0,0,2,1,0,7,14,0.208,0.356,0.25,0.606,12,NA,4,0,0,0,NA,"c3c84957",2022
16,"Brady Mutz",31,108,96,15,20,6,1,0,12,3,0,11,18,0.208,0.287,0.292,0.579,28,NA,0,0,1,0,NA,"c3c84957",2022
17,"Hunter Pasqualini",34,146,125,26,34,5,2,1,8,8,3,15,20,0.272,0.372,0.368,0.74,46,NA,5,1,0,0,NA,"c3c84957",2022
18,"Cedric Rose",40,158,138,28,42,5,1,6,24,7,3,14,30,0.304,0.392,0.486,0.878,67,NA,6,0,0,0,NA,"c3c84957",2022
19,"Justin Sierra",20,65,55,4,9,0,0,0,1,5,2,4,16,0.164,0.277,0.164,0.441,9,NA,5,0,1,0,NA,"c3c84957",2022
1,"Slate Alford",34,134,125,18,34,6,0,4,22,0,0,8,30,0.272,0.321,0.416,0.737,52,NA,1,0,0,0,NA,"739a6301",2023
2,"Michael Anderson",31,108,86,17,21,2,0,3,19,0,0,15,23,0.244,0.38,0.372,0.752,32,NA,5,0,2,0,NA,"739a6301",2023
3,"Luke Beckstein",29,112,79,16,20,3,1,0,11,8,2,23,17,0.253,0.446,0.317,0.762,25,NA,6,2,2,0,NA,"739a6301",2023
4,"Mike Borrelli",2,4,4,0,0,0,0,0,0,0,0,0,3,0,0,0,0,0,NA,0,0,0,0,NA,"739a6301",2023
5,"Kolby Branch",32,126,112,22,21,6,1,1,15,6,0,13,31,0.188,0.278,0.286,0.564,32,NA,1,0,0,0,NA,"739a6301",2023
6,"Niko Brini",33,104,88,16,23,5,0,0,6,3,3,8,22,0.261,0.375,0.318,0.693,28,NA,8,0,0,0,NA,"739a6301",2023
7,"Bryan Broecker",14,48,39,2,6,0,0,0,3,0,1,7,10,0.154,0.292,0.154,0.446,6,NA,1,0,1,0,NA,"739a6301",2023
8,"Jake Burley",23,77,64,11,13,1,0,0,7,0,1,10,15,0.203,0.329,0.219,0.548,14,NA,2,1,0,0,NA,"739a6301",2023
9,"Billy Butler",29,87,72,13,17,4,0,2,14,0,1,12,28,0.236,0.356,0.375,0.731,27,NA,2,0,1,0,NA,"739a6301",2023
10,"Anthony Donofrio",17,60,55,14,23,6,1,1,5,9,2,5,10,0.418,0.467,0.618,1.085,34,NA,0,0,0,0,NA,"739a6301",2023
11,"Aaron Downs",14,49,40,7,9,0,0,0,0,1,0,7,14,0.225,0.367,0.225,0.592,9,NA,2,0,0,0,NA,"739a6301",2023
12,"Trent Farquhar",20,78,60,14,16,2,1,3,16,2,1,14,10,0.267,0.423,0.483,0.906,29,NA,3,0,1,0,NA,"739a6301",2023
13,"Kolton Freeman",29,74,61,11,13,1,0,0,7,2,0,10,14,0.213,0.324,0.23,0.554,14,NA,1,0,2,0,NA,"739a6301",2023
14,"Tyler Hare",36,126,105,27,29,7,0,10,29,2,1,16,41,0.276,0.373,0.629,1.002,66,NA,2,0,3,0,NA,"739a6301",2023
15,"Dakota Jordan",11,37,29,10,11,2,1,0,5,3,0,7,7,0.379,0.514,0.517,1.031,15,NA,1,0,0,0,NA,"739a6301",2023
16,"Sam Kulasingam",19,71,60,17,23,2,0,2,15,0,0,9,6,0.383,0.465,0.517,0.982,31,NA,1,0,1,0,NA,"739a6301",2023
17,"Ryan Proto",20,52,47,6,9,2,0,0,6,0,1,4,12,0.192,0.269,0.234,0.503,11,NA,1,0,0,0,NA,"739a6301",2023
18,"Matt Schark",27,98,85,13,22,4,1,5,21,0,0,12,33,0.259,0.347,0.506,0.853,43,NA,0,0,1,0,NA,"739a6301",2023
19,"Noah Smith",22,72,62,7,16,3,0,1,11,4,1,5,13,0.258,0.347,0.355,0.702,22,NA,4,0,1,0,NA,"739a6301",2023
20,"Tyler Young",24,65,59,5,11,1,0,0,5,3,0,6,18,0.186,0.262,0.203,0.465,12,NA,0,0,0,0,NA,"739a6301",2023
1,"Slate Alford",42,176,153,34,53,15,0,9,40,0,0,17,36,0.346,0.425,0.621,1.046,95,NA,4,2,0,0,NA,"84a30f14",2022
2,"Luke Beckstein",34,108,83,18,16,4,0,0,7,1,0,19,19,0.193,0.38,0.241,0.621,20,NA,6,0,0,0,NA,"84a30f14",2022
3,"Bryan Broecker",12,41,31,7,8,2,0,1,7,1,0,8,6,0.258,0.439,0.419,0.858,13,NA,2,0,0,0,NA,"84a30f14",2022
4,"Jake Burley",22,71,59,13,13,0,0,5,20,0,0,8,24,0.22,0.352,0.475,0.827,28,NA,4,0,0,0,NA,"84a30f14",2022
5,"Cam Clayton",15,43,40,3,8,0,0,0,2,8,0,2,10,0.2,0.256,0.2,0.456,8,NA,1,0,0,0,NA,"84a30f14",2022
6,"Trent Farquhar",36,164,123,30,31,5,1,5,18,3,2,29,28,0.252,0.429,0.431,0.86,53,NA,10,1,1,0,NA,"84a30f14",2022
7,"Kolton Freeman",27,107,97,22,31,10,0,3,15,2,0,7,16,0.32,0.377,0.516,0.893,50,NA,2,1,0,0,NA,"84a30f14",2022
8,"Parker Haskin",12,33,28,4,6,2,0,0,3,0,0,5,5,0.214,0.333,0.286,0.619,8,NA,0,0,0,0,NA,"84a30f14",2022
9,"Sam Kulasingam",21,102,89,10,25,1,0,2,11,1,0,12,16,0.281,0.363,0.36,0.722,32,NA,0,0,1,0,NA,"84a30f14",2022
10,"Joshua Kuroda-Grauer",44,189,169,32,56,12,0,4,31,6,1,15,30,0.331,0.394,0.473,0.867,80,NA,3,1,1,0,NA,"84a30f14",2022
11,"Colton Ledbetter",44,192,156,43,57,10,1,11,47,11,1,30,33,0.365,0.464,0.654,1.117,102,NA,2,0,4,0,NA,"84a30f14",2022
12,"Alec Makarewicz",31,136,120,22,34,6,0,4,22,4,0,11,26,0.283,0.346,0.433,0.779,52,NA,2,0,3,0,NA,"84a30f14",2022
13,"Noah Martinez",35,135,118,23,34,7,0,4,29,0,0,14,30,0.288,0.373,0.449,0.822,53,NA,2,1,0,0,NA,"84a30f14",2022
14,"Ben Rounds",28,75,62,6,13,2,0,0,2,1,1,7,18,0.21,0.329,0.242,0.571,15,NA,4,2,0,0,NA,"84a30f14",2022
15,"Jack Scanlon",21,63,53,7,10,4,0,0,4,0,1,3,18,0.189,0.318,0.264,0.582,14,NA,7,0,0,0,NA,"84a30f14",2022
16,"Spenser Smith",29,87,73,15,18,4,0,0,8,6,1,13,20,0.247,0.368,0.301,0.669,22,NA,1,0,0,0,NA,"84a30f14",2022
17,"Jared Wegner",5,15,14,2,1,0,0,0,0,0,0,0,5,0.071,0.133,0.071,0.205,1,NA,1,0,0,0,NA,"84a30f14",2022
1,"George Athanasiadis",6,19,15,3,0,0,0,0,1,0,0,2,6,0,0.158,0,0.158,0,NA,1,0,1,0,NA,"d21047ce",2023
2,"Mike Bello",27,110,87,16,23,2,1,0,7,6,1,20,15,0.264,0.4,0.31,0.71,27,NA,1,0,2,2,NA,"d21047ce",2023
3,"Matt Brinker",21,73,55,4,8,1,0,1,7,2,0,14,23,0.146,0.347,0.218,0.565,12,NA,3,1,0,0,NA,"d21047ce",2023
4,"Samuel Burtnick",3,8,7,0,0,0,0,0,0,1,0,1,6,0,0.125,0,0.125,0,NA,0,0,0,0,NA,"d21047ce",2023
5,"Tim Callahan",6,16,13,0,3,0,0,0,2,0,0,1,1,0.231,0.313,0.231,0.543,3,NA,1,0,1,0,NA,"d21047ce",2023
6,"Maddix Dalena",30,100,81,9,13,4,0,1,9,0,1,15,28,0.161,0.283,0.247,0.53,20,NA,0,1,3,0,NA,"d21047ce",2023
7,"Anthony DePino",31,119,92,20,21,6,1,4,17,3,4,19,19,0.228,0.387,0.446,0.832,41,NA,6,0,2,0,NA,"d21047ce",2023
8,"Jack Goodman",19,82,75,9,23,4,1,2,16,2,1,5,13,0.307,0.342,0.467,0.808,35,NA,0,0,2,0,NA,"d21047ce",2023
9,"Jack Haley",7,24,22,1,4,0,0,0,1,0,0,1,10,0.182,0.25,0.182,0.432,4,NA,1,0,0,0,NA,"d21047ce",2023
10,"Mike Handal",16,55,40,4,7,2,0,0,7,2,1,14,12,0.175,0.4,0.225,0.625,9,NA,1,0,0,0,NA,"d21047ce",2023
11,"Sam Kirkpatrick",32,129,114,16,33,6,1,1,9,2,4,11,15,0.29,0.347,0.386,0.733,44,NA,0,2,2,0,NA,"d21047ce",2023
12,"Addison Kopack",22,93,83,13,21,7,1,1,14,5,0,5,18,0.253,0.312,0.398,0.709,33,NA,3,0,2,0,NA,"d21047ce",2023
13,"Drew Kron",28,89,83,7,24,4,0,0,8,5,3,5,22,0.289,0.33,0.337,0.667,28,NA,0,1,0,0,NA,"d21047ce",2023
14,"Jake Leitgeb",3,5,4,0,2,0,0,0,0,0,0,1,2,0.5,0.6,0.5,1.1,2,NA,0,0,0,1,NA,"d21047ce",2023
15,"Alex Luccini",7,20,18,2,2,1,1,0,2,0,0,1,6,0.111,0.2,0.278,0.478,5,NA,1,0,0,0,NA,"d21047ce",2023
16,"Bobby Marsh",9,30,26,5,6,1,0,1,1,2,0,2,10,0.231,0.333,0.385,0.718,10,NA,2,0,0,0,NA,"d21047ce",2023
17,"Danny Melnick",23,83,76,14,21,3,3,1,9,0,1,6,19,0.276,0.325,0.434,0.76,33,NA,0,0,1,0,NA,"d21047ce",2023
18,"Landon Moran",37,151,120,18,23,8,0,0,14,6,1,27,32,0.192,0.344,0.258,0.603,31,NA,2,0,2,1,NA,"d21047ce",2023
19,"JT Navyac",27,89,78,3,19,2,0,0,9,3,1,7,23,0.244,0.306,0.269,0.575,21,NA,0,4,0,0,NA,"d21047ce",2023
20,"Connor Podeszwa",15,4,4,1,0,0,0,0,0,0,0,0,2,0,0,0,0,0,NA,0,0,0,0,NA,"d21047ce",2023
21,"Anthony Sherwin",8,32,25,4,1,0,0,0,0,2,0,6,12,0.04,0.25,0.04,0.29,1,NA,1,0,0,0,NA,"d21047ce",2023
22,"Caleb Shpur",25,85,66,13,15,1,0,0,5,11,0,14,14,0.227,0.369,0.242,0.611,16,NA,2,1,2,0,NA,"d21047ce",2023
23,"Caleb Stelly",23,90,80,8,20,2,0,0,5,11,1,6,19,0.25,0.326,0.275,0.601,22,NA,3,1,0,0,NA,"d21047ce",2023
24,"Juju Stevens",16,67,55,9,16,2,0,1,3,8,2,7,12,0.291,0.409,0.382,0.791,21,NA,4,1,0,0,NA,"d21047ce",2023
25,"Evin Sullivan",17,50,45,5,12,3,0,0,5,0,1,1,5,0.267,0.32,0.333,0.653,15,NA,3,0,1,0,NA,"d21047ce",2023
1,"Logan Allen",30,113,102,17,28,6,1,3,13,6,2,3,30,0.275,0.33,0.441,0.772,45,NA,6,1,1,0,NA,"053aeddd",2022
2,"Mike Bello",17,65,58,5,10,1,0,0,6,1,1,7,7,0.172,0.262,0.19,0.451,11,NA,0,0,0,0,NA,"053aeddd",2022
3,"Jared Burrows",15,3,2,0,0,0,0,0,0,0,0,0,2,0,0,0,0,0,NA,0,1,0,0,NA,"053aeddd",2022
4,"Jimmy Chatfield",15,40,34,7,3,1,0,0,0,6,1,3,15,0.088,0.225,0.118,0.343,4,NA,3,0,0,0,NA,"053aeddd",2022
5,"Jackson DeJohn",24,57,44,5,9,1,0,0,6,0,0,8,15,0.205,0.357,0.227,0.584,10,NA,3,1,1,0,NA,"053aeddd",2022
6,"Anthony Donofrio",28,119,107,20,32,5,1,1,18,14,2,10,20,0.299,0.364,0.393,0.757,42,NA,1,1,0,0,NA,"053aeddd",2022
7,"Kevin Ferrer",34,156,144,26,51,8,1,4,27,5,2,7,15,0.354,0.391,0.507,0.898,73,NA,3,0,2,0,NA,"053aeddd",2022
8,"Tucker Flint",13,52,43,7,9,1,2,1,2,3,0,6,14,0.209,0.346,0.395,0.742,17,NA,3,0,0,0,NA,"053aeddd",2022
9,"Joe Jaconski",34,127,116,13,22,1,0,0,5,2,2,10,25,0.19,0.26,0.198,0.458,23,NA,1,0,0,0,NA,"053aeddd",2022
10,"Ed Jarvis",10,29,26,2,2,1,0,0,0,0,0,1,10,0.077,0.172,0.115,0.288,3,NA,2,0,0,0,NA,"053aeddd",2022
11,"Addison Kopack",40,169,143,15,34,5,0,3,18,5,6,20,38,0.238,0.351,0.336,0.687,48,NA,5,1,0,1,NA,"053aeddd",2022
12,"Mason LaPlante",19,70,60,7,21,4,1,0,6,3,1,8,9,0.35,0.443,0.45,0.893,27,NA,2,0,0,0,NA,"053aeddd",2022
13,"Stanton Leuthner",18,64,52,6,8,0,0,0,4,5,2,10,25,0.154,0.297,0.154,0.451,8,NA,1,0,1,0,NA,"053aeddd",2022
14,"Tristan McAlister",34,134,121,12,27,0,0,0,7,14,4,9,33,0.223,0.275,0.223,0.498,27,NA,0,3,1,0,NA,"053aeddd",2022
15,"Troy McGirt",19,50,45,3,8,1,0,0,3,0,1,2,20,0.178,0.26,0.2,0.46,9,NA,3,0,0,0,NA,"053aeddd",2022
16,"Ben Metzner",20,54,42,10,7,0,0,0,1,2,0,10,17,0.167,0.352,0.167,0.519,7,NA,2,0,0,0,NA,"053aeddd",2022
17,"Eddie Micheletti",36,155,136,18,32,8,2,2,21,0,0,16,16,0.235,0.316,0.368,0.684,50,NA,1,0,2,0,NA,"053aeddd",2022
18,"Charlie Pagliarini",41,152,119,20,23,3,1,4,22,2,1,28,54,0.193,0.351,0.336,0.687,40,NA,2,1,2,1,NA,"053aeddd",2022
19,"Johnny Piacentino",4,18,15,2,3,1,0,0,1,0,0,3,8,0.2,0.333,0.267,0.6,4,NA,0,0,0,0,NA,"053aeddd",2022
20,"Ray Sass",5,17,11,3,0,0,0,0,0,1,3,6,4,0,0.353,0,0.353,0,NA,0,0,0,0,NA,"053aeddd",2022
21,"Cole Singsank",5,20,19,2,5,0,0,0,3,1,0,0,3,0.263,0.3,0.263,0.563,5,NA,1,0,0,0,NA,"053aeddd",2022
22,"Anthony Steele",4,11,7,1,0,0,0,0,0,0,0,2,2,0,0.364,0,0.364,0,NA,2,0,0,0,NA,"053aeddd",2022
23,"Jordan Sweeney",2,8,7,0,0,0,0,0,1,0,0,0,2,0,0,0,0,0,NA,0,0,1,0,NA,"053aeddd",2022
1,"Ty Acker",4,10,7,2,2,0,0,0,1,0,0,2,2,0.286,0.4,0.286,0.686,2,NA,0,0,1,0,NA,"4f9e4350",2023
2,"Gio Colasante",32,129,110,21,28,3,2,1,11,8,1,17,37,0.255,0.357,0.346,0.702,38,NA,1,0,1,0,NA,"4f9e4350",2023
3,"Demitri Diamant",36,110,93,14,27,5,0,2,16,1,0,7,26,0.29,0.376,0.409,0.785,38,NA,7,1,2,0,NA,"4f9e4350",2023
4,"Xavier Esquer",12,45,39,4,7,1,0,1,4,1,3,4,9,0.18,0.267,0.282,0.549,11,NA,1,0,1,0,NA,"4f9e4350",2023
5,"Dennis Gamester",2,3,3,0,0,0,0,0,0,0,0,0,3,0,0,0,0,0,NA,0,0,0,0,NA,"4f9e4350",2023
6,"Nathan Hall",30,132,117,20,33,7,4,3,18,9,2,11,27,0.282,0.341,0.487,0.828,57,NA,1,0,3,0,NA,"4f9e4350",2023
7,"Marty Higgins",3,11,10,0,1,0,0,0,2,0,0,0,4,0.1,0.091,0.1,0.191,1,NA,0,0,1,0,NA,"4f9e4350",2023
8,"Kade Huff",1,4,4,0,2,0,0,0,0,0,0,0,1,0.5,0.5,0.5,1,2,NA,0,0,0,0,NA,"4f9e4350",2023
9,"Brandon Hylton",8,30,24,4,5,0,0,0,2,4,0,5,6,0.208,0.367,0.208,0.575,5,NA,1,0,0,0,NA,"4f9e4350",2023
10,"Jayden Hylton",17,61,55,13,16,3,0,4,10,12,1,5,18,0.291,0.361,0.564,0.924,31,NA,1,0,0,0,NA,"4f9e4350",2023
11,"Max Kaufer",22,90,71,15,15,3,2,4,15,0,1,17,19,0.211,0.367,0.479,0.846,34,NA,1,0,1,0,NA,"4f9e4350",2023
12,"Eli Majick",12,1,1,0,0,0,0,0,0,0,0,0,1,0,0,0,0,0,NA,0,0,0,0,NA,"4f9e4350",2023
13,"Matt Maloney",19,59,50,5,9,1,0,2,6,0,0,6,9,0.18,0.276,0.32,0.596,16,NA,1,1,1,0,NA,"4f9e4350",2023
14,"Kaden Martin",13,52,42,4,6,0,0,0,2,1,2,6,17,0.143,0.275,0.143,0.417,6,NA,2,1,1,0,NA,"4f9e4350",2023
15,"Ryan McCoy",37,158,116,30,30,11,1,5,22,10,1,32,46,0.259,0.449,0.5,0.949,58,NA,9,0,1,0,NA,"4f9e4350",2023
16,"Beck Milner",7,32,21,4,4,1,0,0,1,1,1,7,8,0.191,0.469,0.238,0.707,5,NA,4,0,0,0,NA,"4f9e4350",2023
17,"Nolan Nawrocki",33,145,116,30,36,6,0,1,13,18,5,27,22,0.31,0.448,0.388,0.836,45,NA,2,0,0,0,NA,"4f9e4350",2023
18,"Carmine Petosa",2,2,2,1,1,0,0,1,2,0,0,0,1,0.5,0.5,2,2.5,4,NA,0,0,0,0,NA,"4f9e4350",2023
19,"Jimmy Romano",6,24,18,4,4,0,0,1,4,0,1,4,8,0.222,0.348,0.389,0.737,7,NA,0,1,1,0,NA,"4f9e4350",2023
20,"Carsten Sabathia",31,129,110,21,28,7,1,6,27,0,1,13,25,0.255,0.341,0.5,0.841,55,NA,3,0,3,0,NA,"4f9e4350",2023
21,"Scott Seeker",36,154,134,27,45,7,0,7,34,4,1,14,34,0.336,0.392,0.545,0.937,73,NA,1,1,4,2,NA,"4f9e4350",2023
22,"Caden Shapiro",29,111,95,17,29,5,0,1,15,5,1,14,24,0.305,0.391,0.39,0.78,37,NA,0,1,1,0,NA,"4f9e4350",2023
23,"Dan Snyder",21,59,49,5,10,1,0,1,2,1,1,8,17,0.204,0.339,0.286,0.625,14,NA,2,0,0,0,NA,"4f9e4350",2023
24,"Sam Tanous",1,3,3,0,0,0,0,0,0,0,0,0,1,0,0,0,0,0,NA,0,0,0,0,NA,"4f9e4350",2023
25,"Aiden Tierney",18,70,60,7,14,4,0,0,11,1,1,8,18,0.233,0.329,0.3,0.629,18,NA,1,0,1,0,NA,"4f9e4350",2023
26,"Carson Wells",7,34,26,2,6,0,0,0,0,4,1,8,5,0.231,0.412,0.231,0.643,6,NA,0,0,0,0,NA,"4f9e4350",2023
1,"Derek Berg",9,34,30,5,4,0,0,2,3,1,0,2,11,0.133,0.235,0.333,0.569,10,NA,2,0,0,0,NA,"88a2888f",2022
2,"Jake Berger",7,28,22,2,5,0,0,0,2,2,1,6,1,0.227,0.393,0.227,0.62,5,NA,0,0,0,0,NA,"88a2888f",2022
3,"Cavan Brady",12,39,34,7,13,0,0,0,7,0,0,5,5,0.382,0.462,0.382,0.844,13,NA,0,0,0,0,NA,"88a2888f",2022
4,"Thomas Bramley",27,104,85,22,31,5,0,2,13,0,0,17,21,0.365,0.471,0.494,0.965,42,NA,1,0,1,0,NA,"88a2888f",2022
5,"Harrison Brown",29,113,95,17,22,4,1,1,17,3,1,11,24,0.232,0.327,0.326,0.654,31,NA,4,0,3,0,NA,"88a2888f",2022
6,"Logan Chambers",26,115,94,22,34,2,1,2,18,3,4,21,23,0.362,0.478,0.468,0.946,44,NA,0,0,0,0,NA,"88a2888f",2022
7,"Danny Crossen",35,155,126,27,37,5,0,0,13,6,1,19,13,0.294,0.407,0.333,0.74,42,NA,7,0,3,1,NA,"88a2888f",2022
8,"Jake Elbeery",13,48,42,3,11,2,0,0,4,1,0,6,11,0.262,0.354,0.31,0.664,13,NA,0,0,0,0,NA,"88a2888f",2022
9,"Marcus Franco",27,97,92,3,22,2,0,1,13,0,0,4,22,0.239,0.268,0.294,0.562,27,NA,0,0,1,0,NA,"88a2888f",2022
10,"Bradley Frye",6,18,17,2,2,0,0,0,0,1,0,1,4,0.118,0.167,0.118,0.284,2,NA,0,0,0,0,NA,"88a2888f",2022
11,"John Giesler",6,19,15,1,2,1,0,0,2,0,0,3,5,0.133,0.316,0.2,0.516,3,NA,1,0,0,0,NA,"88a2888f",2022
12,"Dorian Gonzalez",27,115,101,11,26,7,0,1,18,1,4,9,22,0.257,0.325,0.356,0.681,36,NA,2,1,2,0,NA,"88a2888f",2022
13,"Jadyn Jackson",11,45,39,7,10,2,0,0,6,1,0,5,7,0.256,0.356,0.308,0.663,12,NA,1,0,0,0,NA,"88a2888f",2022
14,"Chase Jans",5,10,9,1,0,0,0,0,0,2,0,1,5,0,0.1,0,0.1,0,NA,0,0,0,0,NA,"88a2888f",2022
15,"Sebastian Jimenez",12,43,39,3,8,2,0,1,2,0,0,4,12,0.205,0.279,0.333,0.612,13,NA,0,0,0,0,NA,"88a2888f",2022
16,"Cabot Maher",15,61,49,11,13,2,0,4,18,0,1,8,17,0.265,0.393,0.551,0.944,27,NA,3,0,1,0,NA,"88a2888f",2022
17,"Matt Maloney",14,48,43,8,10,0,0,0,2,0,1,4,20,0.233,0.313,0.233,0.545,10,NA,1,0,0,0,NA,"88a2888f",2022
18,"Luke Masiuk",26,101,85,14,16,2,1,1,12,10,3,14,26,0.188,0.317,0.271,0.587,23,NA,2,0,0,0,NA,"88a2888f",2022
19,"J.D. McCracken",14,1,0,1,0,0,0,0,0,0,0,1,0,NA,1,NA,NA,0,NA,0,0,0,0,NA,"88a2888f",2022
20,"Ben Nardi",20,82,64,15,16,2,0,0,10,2,0,14,27,0.25,0.37,0.281,0.652,18,NA,0,1,3,0,NA,"88a2888f",2022
21,"Ryan Nicholson",22,96,85,10,19,3,0,1,11,1,0,8,21,0.224,0.292,0.294,0.586,25,NA,1,0,2,0,NA,"88a2888f",2022
22,"Michael Snyder",35,154,128,33,52,5,1,4,31,1,1,13,27,0.406,0.494,0.555,1.048,71,NA,11,0,2,0,NA,"88a2888f",2022
23,"Aiden Tierney",20,65,52,10,14,4,0,1,7,0,0,8,17,0.269,0.397,0.404,0.801,21,NA,3,2,0,0,NA,"88a2888f",2022
24,"Henry Wallen",17,72,60,8,16,5,0,1,8,3,2,8,17,0.267,0.375,0.4,0.775,24,NA,3,0,1,0,NA,"88a2888f",2022
25,"Matt Woods",19,77,70,13,22,5,0,1,8,5,1,6,14,0.314,0.377,0.429,0.805,30,NA,1,0,0,0,NA,"88a2888f",2022
1,"Greg Bozzo",23,79,78,9,20,2,0,3,12,0,0,1,10,0.256,0.266,0.397,0.663,31,NA,0,0,0,0,NA,"80ca35ca",2023
2,"Matt Brown-Eiring",23,81,63,10,12,1,0,1,7,2,0,18,19,0.191,0.37,0.254,0.624,16,NA,0,0,0,0,NA,"80ca35ca",2023
3,"Trey Ciulla-Hall",2,5,3,0,0,0,0,0,0,0,0,2,0,0,0.4,0,0.4,0,NA,0,0,0,0,NA,"80ca35ca",2023
4,"Ramses Cordova",24,83,76,8,12,2,0,0,4,2,1,5,19,0.158,0.22,0.184,0.404,14,NA,1,1,0,0,NA,"80ca35ca",2023
5,"Aidan Corn",22,75,65,7,15,1,0,1,8,1,0,9,31,0.231,0.32,0.292,0.612,19,NA,0,0,1,0,NA,"80ca35ca",2023
6,"Blake DeLamielleure",34,139,121,21,28,7,1,6,16,3,5,14,46,0.231,0.324,0.455,0.778,55,NA,3,0,1,0,NA,"80ca35ca",2023
7,"Evan Goforth",30,101,88,11,19,4,0,1,13,3,1,12,18,0.216,0.317,0.296,0.612,26,NA,1,0,0,0,NA,"80ca35ca",2023
8,"Brayden Horton",36,144,118,22,31,4,0,5,11,4,0,21,44,0.263,0.389,0.424,0.813,50,NA,4,0,1,0,NA,"80ca35ca",2023
9,"Tony Livermore",34,123,105,16,25,6,0,0,8,5,1,14,25,0.238,0.328,0.295,0.623,31,NA,0,4,0,0,NA,"80ca35ca",2023
10,"Cristian Mercedes",9,31,24,6,4,0,0,0,3,1,0,6,5,0.167,0.355,0.167,0.522,4,NA,1,0,0,0,NA,"80ca35ca",2023
11,"Jake Mummau",13,39,32,2,8,1,0,0,3,0,0,3,7,0.25,0.342,0.281,0.623,9,NA,2,1,1,0,NA,"80ca35ca",2023
12,"Jackson Owen",28,90,73,11,12,1,0,2,9,0,2,11,24,0.164,0.322,0.26,0.583,19,NA,6,0,0,0,NA,"80ca35ca",2023
13,"Bryan Padilla",32,120,100,12,19,1,0,0,8,4,1,15,19,0.19,0.325,0.2,0.525,20,NA,5,0,0,0,NA,"80ca35ca",2023
14,"Sam Portnoy",13,1,1,0,0,0,0,0,0,0,0,0,0,0,0,0,0,0,NA,0,0,0,0,NA,"80ca35ca",2023
15,"Garrett Rice",38,125,108,17,25,0,0,7,21,2,0,10,26,0.232,0.328,0.426,0.754,46,NA,6,0,1,0,NA,"80ca35ca",2023
16,"Alec Ritch",19,37,34,3,7,0,0,2,4,0,0,1,13,0.206,0.27,0.382,0.653,13,NA,2,0,0,0,NA,"80ca35ca",2023
17,"Joseph Salvo",16,34,28,3,4,0,0,0,4,0,0,5,11,0.143,0.294,0.143,0.437,4,NA,1,0,0,0,NA,"80ca35ca",2023
18,"Jordan Smith",34,131,118,18,29,5,2,2,8,8,1,5,21,0.246,0.313,0.373,0.686,44,NA,7,0,1,0,NA,"80ca35ca",2023
19,"Devin Taylor",33,138,121,16,38,5,0,8,30,4,1,10,18,0.314,0.368,0.554,0.921,67,NA,2,2,3,0,NA,"80ca35ca",2023
1,"Matt Almonte",29,93,87,9,17,4,0,2,9,1,2,5,24,0.195,0.237,0.31,0.547,27,NA,0,0,1,0,NA,"82a87bac",2022
2,"Brandon Anderson",28,74,66,4,11,0,0,0,8,1,0,8,15,0.167,0.257,0.167,0.424,11,NA,0,0,0,0,NA,"82a87bac",2022
3,"Jake Berg",7,22,16,3,3,0,0,0,1,1,1,4,1,0.188,0.381,0.188,0.569,3,NA,1,1,0,0,NA,"82a87bac",2022
4,"James Broderick",23,68,59,6,11,2,0,0,3,0,1,8,17,0.186,0.294,0.22,0.514,13,NA,1,0,0,0,NA,"82a87bac",2022
5,"Jaden Brown",34,116,98,13,19,5,0,3,10,0,1,16,43,0.194,0.319,0.337,0.656,33,NA,2,0,0,0,NA,"82a87bac",2022
6,"Lucas Costello",26,108,93,19,17,1,0,0,8,16,1,13,17,0.183,0.296,0.194,0.49,18,NA,2,0,0,0,NA,"82a87bac",2022
7,"Dan Covino",38,167,130,22,29,4,0,2,14,8,1,35,41,0.223,0.389,0.3,0.689,39,NA,1,0,1,0,NA,"82a87bac",2022
8,"Nate Darwin",3,4,3,0,0,0,0,0,0,0,0,1,1,0,0.25,0,0.25,0,NA,0,0,0,0,NA,"82a87bac",2022
9,"Nick Hohenstein",9,3,3,1,1,0,0,0,0,0,0,0,2,0.333,0.333,0.333,0.667,1,NA,0,0,0,0,NA,"82a87bac",2022
10,"Carter Mathison",26,112,89,13,22,3,1,3,19,1,0,19,25,0.247,0.393,0.405,0.797,36,NA,3,0,1,1,NA,"82a87bac",2022
11,"T.J. McKenzie",28,105,97,17,19,0,0,7,16,7,2,6,26,0.196,0.257,0.412,0.67,40,NA,2,0,0,0,NA,"82a87bac",2022
12,"Caleb Pendleton",17,54,52,7,10,2,0,1,4,0,0,2,15,0.192,0.222,0.289,0.511,15,NA,0,0,0,0,NA,"82a87bac",2022
13,"Garrett Rice",35,123,107,17,23,6,0,7,21,1,0,10,37,0.215,0.309,0.467,0.776,50,NA,5,0,1,0,NA,"82a87bac",2022
14,"Jackson Ross",41,174,153,24,43,14,0,8,34,1,0,19,44,0.281,0.362,0.529,0.892,81,NA,1,0,1,0,NA,"82a87bac",2022
15,"Tony Santa Maria",41,167,141,27,31,6,1,4,20,15,1,23,33,0.22,0.325,0.362,0.687,51,NA,0,1,2,0,NA,"82a87bac",2022
16,"Paxton Tomaini",32,107,88,12,15,1,0,3,11,1,2,15,29,0.171,0.295,0.284,0.579,25,NA,1,2,1,0,NA,"82a87bac",2022
17,"Colin Wetterau",27,93,79,9,21,1,0,1,8,1,0,10,17,0.266,0.37,0.317,0.686,25,NA,3,1,0,0,NA,"82a87bac",2022
18,"Zack Whitacre",18,48,42,6,6,1,0,0,1,1,0,5,11,0.143,0.25,0.167,0.417,7,NA,1,0,0,0,NA,"82a87bac",2022
1,"Brant Baughcum",9,32,24,6,8,3,0,1,7,1,0,5,2,0.333,0.5,0.583,1.083,14,NA,3,0,0,0,NA,"e3949acc",2023
2,"Mike Becchetti",10,38,31,7,8,1,0,1,3,1,0,7,8,0.258,0.395,0.387,0.782,12,NA,0,0,0,1,NA,"e3949acc",2023
3,"Luke Boynton",31,110,95,12,25,4,0,6,18,0,0,14,25,0.263,0.364,0.495,0.858,47,NA,1,0,0,0,NA,"e3949acc",2023
4,"Jason Claiborn",26,77,68,9,13,1,1,0,5,6,2,7,20,0.191,0.276,0.235,0.512,16,NA,1,1,0,0,NA,"e3949acc",2023
5,"Will Cook",22,84,73,16,15,4,1,2,7,0,0,9,24,0.206,0.298,0.37,0.668,27,NA,1,0,1,1,NA,"e3949acc",2023
6,"Jakobi Davis",27,90,79,15,18,3,0,0,6,6,1,10,22,0.228,0.315,0.266,0.58,21,NA,0,1,0,0,NA,"e3949acc",2023
7,"Roman DiGiacomo",18,58,55,6,11,1,0,2,8,0,0,1,11,0.2,0.224,0.327,0.551,18,NA,1,0,1,0,NA,"e3949acc",2023
8,"Harrison Feinberg",38,145,115,18,26,6,1,4,14,2,1,22,38,0.226,0.379,0.4,0.779,46,NA,7,0,1,1,NA,"e3949acc",2023
9,"Billy Gerlott",32,120,100,19,21,5,0,4,17,2,2,14,28,0.21,0.333,0.38,0.713,38,NA,5,0,1,0,NA,"e3949acc",2023
10,"Javon Hernandez",30,124,108,25,35,5,1,4,20,8,5,11,17,0.324,0.395,0.5,0.895,54,NA,3,0,2,0,NA,"e3949acc",2023
11,"Aidan Jolley",20,67,59,5,15,6,0,0,2,0,0,7,14,0.254,0.343,0.356,0.699,21,NA,1,0,0,0,NA,"e3949acc",2023
12,"Daniel Labrador",22,75,65,12,18,5,0,2,8,0,0,6,17,0.277,0.36,0.446,0.806,29,NA,3,0,1,0,NA,"e3949acc",2023
13,"Hayden Miller",23,78,64,16,16,5,1,1,6,4,1,13,21,0.25,0.385,0.406,0.791,26,NA,1,0,0,0,NA,"e3949acc",2023
14,"Sam Mongelli",6,27,25,3,11,1,0,1,4,3,0,2,1,0.44,0.482,0.6,1.082,15,NA,0,0,0,0,NA,"e3949acc",2023
15,"Collin Quintano",5,16,13,1,1,0,0,0,0,0,0,2,5,0.077,0.25,0.077,0.327,1,NA,1,0,0,0,NA,"e3949acc",2023
16,"Joey Rubin",8,29,24,2,4,0,0,0,1,1,2,3,8,0.167,0.25,0.167,0.417,4,NA,0,1,1,0,NA,"e3949acc",2023
17,"Matt Ruiz",8,35,31,9,11,3,0,1,8,4,1,3,8,0.355,0.4,0.548,0.948,17,NA,0,0,1,0,NA,"e3949acc",2023
18,"Gabe Silva",2,2,2,0,0,0,0,0,0,0,0,0,2,0,0,0,0,0,NA,0,0,0,0,NA,"e3949acc",2023
19,"Joey Skarad",11,34,29,4,5,0,0,2,4,0,0,5,12,0.172,0.294,0.379,0.673,11,NA,0,0,0,0,NA,"e3949acc",2023
20,"Anthony Steele",23,45,39,8,7,2,0,3,6,0,0,6,13,0.18,0.289,0.462,0.75,18,NA,0,0,0,0,NA,"e3949acc",2023
21,"Mike Talavera",10,34,29,1,4,1,0,0,3,3,0,3,10,0.138,0.219,0.172,0.391,5,NA,0,2,0,0,NA,"e3949acc",2023
22,"Julian Uejima",1,3,2,2,0,0,0,0,0,1,0,1,0,0,0.333,0,0.333,0,NA,0,0,0,0,NA,"e3949acc",2023
23,"Drew Wyers",31,106,91,8,23,5,0,0,9,5,1,10,19,0.253,0.337,0.308,0.644,28,NA,2,2,1,0,NA,"e3949acc",2023
24,"Bobby Zmarzlak",29,116,104,17,30,5,1,10,25,1,0,9,37,0.289,0.362,0.644,1.006,67,NA,3,0,0,1,NA,"e3949acc",2023
1,"Mike Becchetti",17,75,61,12,13,3,0,3,16,2,0,11,16,0.213,0.324,0.41,0.734,25,NA,0,1,2,0,NA,"38fd8778",2022
2,"Colby Canales",15,58,54,5,10,1,1,1,5,0,0,3,22,0.185,0.224,0.296,0.52,16,NA,0,0,1,0,NA,"38fd8778",2022
3,"Harrison Feinberg",29,117,99,18,26,3,1,6,14,3,1,15,33,0.263,0.359,0.495,0.854,49,NA,1,0,2,0,NA,"38fd8778",2022
4,"Billy Gerlott",34,128,116,22,30,8,0,2,11,2,2,8,27,0.259,0.328,0.379,0.707,44,NA,4,0,0,0,NA,"38fd8778",2022
5,"Jake Hyde",11,45,42,5,13,2,0,1,3,0,0,2,14,0.31,0.356,0.429,0.784,18,NA,1,0,0,0,NA,"38fd8778",2022
6,"Dayvin Johnson",9,25,21,1,2,0,0,0,0,1,0,3,10,0.095,0.24,0.095,0.335,2,NA,1,0,0,0,NA,"38fd8778",2022
7,"Jett Lovett",20,87,72,14,23,9,0,1,9,3,2,15,18,0.319,0.437,0.486,0.923,35,NA,0,0,0,0,NA,"38fd8778",2022
8,"Alec Maag",5,19,17,2,3,1,0,0,0,0,0,2,8,0.177,0.263,0.235,0.499,4,NA,0,0,0,0,NA,"38fd8778",2022
9,"Sam Mongelli",33,141,119,16,37,5,2,2,14,2,2,18,18,0.311,0.404,0.437,0.841,52,NA,2,0,2,1,NA,"38fd8778",2022
10,"Korey Morton",24,107,94,19,27,3,0,7,21,3,2,8,27,0.287,0.355,0.543,0.898,51,NA,3,0,2,0,NA,"38fd8778",2022
11,"Danniel Rivera",14,57,42,12,7,2,0,2,6,3,0,11,11,0.167,0.357,0.357,0.714,15,NA,2,1,1,0,NA,"38fd8778",2022
12,"Nick Romano",37,158,131,15,31,7,0,4,13,1,2,27,42,0.237,0.367,0.382,0.749,50,NA,0,0,0,0,NA,"38fd8778",2022
13,"Aries Samek",1,4,3,1,1,0,0,0,2,0,0,0,2,0.333,0.5,0.333,0.833,1,NA,1,0,0,0,NA,"38fd8778",2022
14,"Joey Skarad",26,104,89,14,26,7,0,4,13,3,2,13,32,0.292,0.394,0.506,0.9,45,NA,2,0,0,0,NA,"38fd8778",2022
15,"Alex Stone",20,85,76,11,17,7,0,2,10,0,0,6,16,0.224,0.294,0.395,0.689,30,NA,2,0,1,0,NA,"38fd8778",2022
16,"Henry Strmecki",25,89,78,9,13,2,0,0,5,2,0,9,26,0.167,0.258,0.192,0.451,15,NA,1,0,1,0,NA,"38fd8778",2022
17,"Jackson Taylor",32,125,96,18,25,4,0,1,7,7,3,21,12,0.26,0.423,0.333,0.756,32,NA,6,2,0,0,NA,"38fd8778",2022
18,"Hank Thomas",35,157,133,24,34,4,1,9,33,1,1,20,42,0.256,0.357,0.504,0.861,67,NA,2,0,2,0,NA,"38fd8778",2022
19,"Jermaine White",26,99,82,14,13,3,0,0,5,6,0,14,26,0.159,0.278,0.195,0.474,16,NA,0,2,1,0,NA,"38fd8778",2022
1,"Griffin Arnone",31,71,52,11,7,1,0,2,6,12,2,19,28,0.135,0.366,0.269,0.635,14,NA,0,0,0,0,NA,"11453d72",2023
2,"Ian Battipaglia",33,86,72,13,15,1,1,1,9,9,0,9,29,0.208,0.301,0.292,0.593,21,NA,1,3,1,0,NA,"11453d72",2023
3,"Vince Bianchina",19,59,48,7,7,1,0,0,2,2,0,8,10,0.146,0.281,0.167,0.447,8,NA,1,2,0,0,NA,"11453d72",2023
4,"Dixon Black",26,96,79,12,19,5,0,0,8,0,2,7,23,0.241,0.347,0.304,0.651,24,NA,7,1,2,0,NA,"11453d72",2023
5,"Dom Camera",4,7,7,1,1,1,0,0,1,0,0,0,0,0.143,0.143,0.286,0.429,2,NA,0,0,0,0,NA,"11453d72",2023
6,"Hunter D'Amato",11,23,18,4,3,0,0,0,1,1,0,4,5,0.167,0.348,0.167,0.515,3,NA,1,0,0,0,NA,"11453d72",2023
7,"Ryan Daniels",15,47,37,5,10,3,0,1,8,2,1,9,7,0.27,0.426,0.432,0.858,16,NA,1,0,0,1,NA,"11453d72",2023
8,"Pete Durocher",38,107,97,15,22,3,0,1,8,15,3,6,22,0.227,0.299,0.289,0.588,28,NA,4,0,0,0,NA,"11453d72",2023
9,"Randy Flores",12,30,25,3,4,0,0,0,0,2,1,5,3,0.16,0.3,0.16,0.46,4,NA,0,0,0,0,NA,"11453d72",2023
10,"Tyler Fote",6,18,17,3,6,3,0,0,5,0,0,0,5,0.353,0.389,0.529,0.918,9,NA,1,0,0,0,NA,"11453d72",2023
11,"Connor Goodman",9,23,18,4,4,0,0,0,1,0,0,5,3,0.222,0.391,0.222,0.614,4,NA,0,0,0,0,NA,"11453d72",2023
12,"Kameron Hartenstein",1,1,1,0,0,0,0,0,0,0,0,0,1,0,0,0,0,0,NA,0,0,0,0,NA,"11453d72",2023
13,"Danny Hussey",31,68,60,13,11,3,0,3,14,7,1,4,20,0.183,0.279,0.383,0.663,23,NA,4,0,0,0,NA,"11453d72",2023
14,"DJ Jackson",14,40,33,3,5,1,0,0,3,1,0,6,19,0.152,0.275,0.182,0.457,6,NA,0,0,1,0,NA,"11453d72",2023
15,"Ali LaPread",12,28,23,1,3,0,0,0,2,1,1,2,7,0.13,0.222,0.13,0.353,3,NA,1,1,1,0,NA,"11453d72",2023
16,"Dre Llopiz",10,27,22,2,2,1,0,0,2,2,1,4,9,0.091,0.222,0.136,0.359,3,NA,0,0,1,0,NA,"11453d72",2023
17,"Cam Maldonado",18,57,45,6,5,0,0,1,1,5,1,12,20,0.111,0.298,0.178,0.476,8,NA,0,0,0,0,NA,"11453d72",2023
18,"Jake Marquez",6,13,12,1,2,1,0,0,1,0,0,1,4,0.167,0.231,0.25,0.481,3,NA,0,0,0,0,NA,"11453d72",2023
19,"Chaz Myers",18,66,50,7,10,2,0,1,3,0,1,10,11,0.2,0.364,0.3,0.664,15,NA,4,0,2,0,NA,"11453d72",2023
20,"Jeff Nicol",4,8,5,1,0,0,0,0,0,0,0,3,2,0,0.375,0,0.375,0,NA,0,0,0,0,NA,"11453d72",2023
21,"Gavin Noriega",41,158,138,21,44,5,3,3,33,13,4,17,23,0.319,0.399,0.464,0.863,64,NA,2,0,1,0,NA,"11453d72",2023
22,"Keegan O'Connor",10,23,19,3,3,0,0,0,0,1,0,3,11,0.158,0.304,0.158,0.462,3,NA,1,0,0,0,NA,"11453d72",2023
23,"Cal Parrillo",35,107,88,8,23,3,0,0,19,1,0,12,15,0.261,0.356,0.296,0.652,26,NA,1,6,0,1,NA,"11453d72",2023
24,"Jordan Peyton",36,109,86,18,27,2,0,0,9,15,1,20,13,0.314,0.44,0.337,0.778,29,NA,1,0,2,0,NA,"11453d72",2023
25,"Logan Pfannenbecker",2,3,1,2,0,0,0,0,0,0,0,1,1,0,0.667,0,0.667,0,NA,1,0,0,0,NA,"11453d72",2023
26,"Owen Podolec",5,9,8,1,1,0,0,0,1,0,0,1,1,0.125,0.222,0.125,0.347,1,NA,0,0,0,0,NA,"11453d72",2023
27,"Randy Reyes",8,2,2,0,0,0,0,0,0,0,0,0,2,0,0,0,0,0,NA,0,0,0,0,NA,"11453d72",2023
28,"Joe Rios",18,50,46,6,10,1,1,2,9,0,1,1,18,0.217,0.24,0.413,0.653,19,NA,1,0,2,0,NA,"11453d72",2023
29,"Skye Selinsky",38,103,79,15,22,4,0,1,10,14,3,21,29,0.279,0.441,0.367,0.808,29,NA,2,1,0,1,NA,"11453d72",2023
30,"Billy Sullivan",36,110,100,9,25,7,0,0,10,3,3,8,21,0.25,0.318,0.32,0.638,32,NA,2,0,0,0,NA,"11453d72",2023
31,"Jimmy Sullivan",16,38,31,2,8,0,0,0,3,3,0,6,11,0.258,0.395,0.258,0.653,8,NA,1,0,0,0,NA,"11453d72",2023
32,"Darius Troche",8,13,11,1,1,0,0,0,0,0,1,1,2,0.091,0.167,0.091,0.258,1,NA,0,1,0,0,NA,"11453d72",2023
33,"Evan Ulrich",4,5,4,1,1,0,0,0,0,0,0,1,1,0.25,0.4,0.25,0.65,1,NA,0,0,0,0,NA,"11453d72",2023
34,"Jose Vargas",1,2,1,0,0,0,0,0,0,0,1,1,1,0,0.5,0,0.5,0,NA,0,0,0,0,NA,"11453d72",2023
1,"Griffin Arnone",40,146,122,24,32,7,0,2,16,16,4,21,41,0.262,0.375,0.369,0.744,45,NA,1,2,0,2,NA,"152b121e",2022
2,"Trevor Austin",7,21,16,1,4,0,0,0,3,0,0,1,3,0.25,0.333,0.25,0.583,4,NA,2,0,2,0,NA,"152b121e",2022
3,"Chris Baillargeon",2,5,4,0,0,0,0,0,0,0,0,0,3,0,0,0,0,0,NA,0,1,0,0,NA,"152b121e",2022
4,"Luke Broadhurst",17,44,29,6,4,0,0,0,1,0,0,12,11,0.138,0.419,0.138,0.557,4,NA,2,1,0,0,NA,"152b121e",2022
5,"Andrew Calhoun",26,60,53,2,8,1,0,0,4,1,2,5,23,0.151,0.233,0.17,0.403,9,NA,1,0,1,0,NA,"152b121e",2022
6,"Dave Christoforo",2,9,8,0,2,1,0,0,4,0,0,1,2,0.25,0.333,0.375,0.708,3,NA,0,0,0,0,NA,"152b121e",2022
7,"Craig Corliss",6,11,8,0,2,0,0,0,0,0,0,3,2,0.25,0.455,0.25,0.705,2,NA,0,0,0,0,NA,"152b121e",2022
8,"Dante D'Amore",4,6,4,2,0,0,0,0,0,0,0,2,4,0,0.333,0,0.333,0,NA,0,0,0,0,NA,"152b121e",2022
9,"Tyler Fote",26,71,64,6,12,4,0,0,7,1,2,3,21,0.188,0.239,0.25,0.489,16,NA,2,0,2,0,NA,"152b121e",2022
10,"AJ Gaich",23,102,73,21,17,2,1,0,6,14,2,28,26,0.233,0.446,0.288,0.733,21,NA,0,1,0,0,NA,"152b121e",2022
11,"Jake Gaudreau",4,8,7,0,2,0,0,0,1,0,0,1,2,0.286,0.375,0.286,0.661,2,NA,0,0,0,0,NA,"152b121e",2022
12,"Jay Harry",31,116,98,11,31,7,0,0,16,3,1,9,6,0.316,0.379,0.388,0.767,38,NA,4,0,5,0,NA,"152b121e",2022
13,"Ben Huber",26,94,78,21,20,5,0,1,7,6,0,11,29,0.256,0.383,0.359,0.742,28,NA,5,0,0,0,NA,"152b121e",2022
14,"Jack Lynch",36,96,83,15,18,3,0,1,8,4,1,8,18,0.217,0.305,0.289,0.595,24,NA,3,1,1,0,NA,"152b121e",2022
15,"Calvin McCall",32,82,62,9,16,2,1,0,9,7,4,9,19,0.258,0.432,0.323,0.755,20,NA,10,1,0,0,NA,"152b121e",2022
16,"Chaz Myers",36,126,106,15,40,7,0,3,18,5,3,11,26,0.377,0.463,0.528,0.992,56,NA,6,3,0,0,NA,"152b121e",2022
17,"Cal Parrillo",19,65,51,8,12,0,0,0,7,1,0,10,7,0.235,0.369,0.235,0.605,12,NA,2,0,2,0,NA,"152b121e",2022
18,"Logan Pfannenbecker",3,9,8,0,1,0,0,0,1,0,0,1,2,0.125,0.222,0.125,0.347,1,NA,0,0,0,0,NA,"152b121e",2022
19,"Joe Rios",34,104,81,20,22,4,0,1,17,8,0,20,24,0.272,0.433,0.358,0.791,29,NA,3,0,0,0,NA,"152b121e",2022
20,"Boston Smith",20,50,42,4,12,1,0,2,6,0,0,6,13,0.286,0.4,0.452,0.852,19,NA,2,0,0,0,NA,"152b121e",2022
21,"Matt Smith",26,75,66,13,18,3,0,0,6,5,1,7,20,0.273,0.347,0.318,0.665,21,NA,1,0,1,1,NA,"152b121e",2022
22,"Matt Smith",11,1,1,0,0,0,0,0,0,0,0,0,0,0,0,0,0,0,NA,0,0,0,0,NA,"152b121e",2022
23,"Josh Spiegel",18,48,41,6,6,0,0,1,5,0,0,7,14,0.146,0.271,0.22,0.49,9,NA,0,0,0,1,NA,"152b121e",2022
24,"Zach Stephenson",22,52,42,2,6,1,0,0,5,2,0,8,15,0.143,0.289,0.167,0.455,7,NA,1,0,1,0,NA,"152b121e",2022
25,"Billy Sullivan",3,9,9,0,2,1,0,0,1,0,0,0,3,0.222,0.222,0.333,0.556,3,NA,0,0,0,0,NA,"152b121e",2022
26,"Carson Swank",31,81,69,11,14,3,0,1,9,1,0,6,12,0.203,0.309,0.29,0.599,20,NA,5,0,1,0,NA,"152b121e",2022
27,"Derek Tenney",33,112,94,17,26,3,0,2,25,7,3,13,26,0.277,0.378,0.372,0.751,35,NA,3,1,1,0,NA,"152b121e",2022
28,"Ryan Wilson",26,106,81,17,18,3,0,1,14,4,1,20,19,0.222,0.391,0.296,0.687,24,NA,3,1,1,1,NA,"152b121e",2022
