Player,P,AVG,G,AB,R,H,2B,3B,HR,RBI,BB,HBP,SO,SF,SH,SB,CS,DP,E,Team,1B,PA,OBP,SLG,OPS,wOBA
"Muzio, J",IF,0.429,3,7,2,3,1,0,0,0,3,0,1,0,0,0,0,1,0,BRI_B,2,10,0.6,0.5714285714285714,1.1714285714285713,0.507
"Milner, B",C,0.341,22,44,9,15,4,0,1,11,8,3,15,0,0,4,1,0,6,BRI_B,10,55,0.4727272727272727,0.5,0.9727272727272727,0.426
"Greger, G",CF,0.333,31,87,21,29,7,1,0,11,5,2,21,0,1,9,2,0,1,BRI_B,21,95,0.37894736842105264,0.4367816091954023,0.8157289776164549,0.357
"Brenner, E",OF,0.326,31,89,13,29,5,3,0,15,21,7,14,0,2,12,2,1,2,BRI_B,21,119,0.4789915966386555,0.449438202247191,0.9284297988858465,0.418
"Petersen, M",OF,0.323,30,93,21,30,7,0,2,17,13,3,23,2,2,10,3,0,2,BRI_B,21,113,0.40707964601769914,0.46236559139784944,0.8694452374155486,0.381
"Rollauer, T",OF,0.309,29,68,18,21,2,0,0,9,15,5,15,1,3,6,1,2,0,BRI_B,19,92,0.44565217391304346,0.3382352941176471,0.7838874680306905,0.372
"Droze, C",RF,0.3,6,20,3,6,3,0,0,2,2,0,10,1,1,0,1,0,0,BRI_B,3,24,0.3333333333333333,0.45,0.7833333333333333,0.337
"Ferrara, D",SS,0.296,37,125,19,37,1,0,0,18,18,3,20,2,1,5,1,2,5,BRI_B,36,149,0.38926174496644295,0.304,0.6932617449664429,0.321
"Sullivan, B",C,0.296,31,71,13,21,5,0,1,15,15,1,14,1,0,2,1,1,0,BRI_B,15,88,0.42045454545454547,0.4084507042253521,0.8289052496798976,0.369
"Peyton, J",SS,0.281,39,146,22,41,3,0,0,12,11,6,22,2,1,12,2,5,6,BRI_B,38,166,0.3493975903614458,0.3013698630136986,0.6507674533751444,0.297
"Lazits, A",OF,0.271,33,85,22,23,5,1,1,14,15,9,22,1,1,8,1,0,0,BRI_B,16,111,0.42342342342342343,0.38823529411764707,0.8116587175410706,0.37
"O’Neill, D",C,0.268,29,97,18,26,5,0,0,13,6,0,12,2,0,1,0,3,3,BRI_B,21,105,0.3047619047619048,0.31958762886597936,0.6243495336278841,0.274
"Noriega, G",OF,0.25,24,72,12,18,1,0,0,9,9,4,16,1,0,2,5,5,2,BRI_B,17,86,0.36046511627906974,0.2638888888888889,0.6243540051679586,0.294
"Landwehr, J",IF,0.25,22,40,10,10,1,0,0,5,4,5,6,0,1,1,0,0,1,BRI_B,9,50,0.38,0.275,0.655,0.317
"Bianchina, V",IF,0.231,11,26,4,6,1,1,0,5,2,1,9,1,2,3,1,0,1,BRI_B,4,32,0.28125,0.34615384615384615,0.6274038461538461,0.281
"Selinsky, S",OF,0.227,36,88,16,20,4,0,3,13,22,2,20,2,0,6,4,1,2,BRI_B,13,114,0.38596491228070173,0.375,0.7609649122807017,0.343
"Short, B",2B,0.224,35,85,14,19,3,0,0,14,12,1,22,3,0,13,1,0,3,BRI_B,16,101,0.31683168316831684,0.25882352941176473,0.5756552125800816,0.265
"Zarrillo, M",3B,0.21,35,81,14,17,5,1,1,13,9,2,32,0,1,3,0,1,6,BRI_B,10,93,0.3010752688172043,0.3333333333333333,0.6344086021505376,0.285
"Parrillo, C",3B,0.125,19,32,4,4,0,0,0,2,5,2,11,0,0,0,0,1,5,BRI_B,4,39,0.28205128205128205,0.125,0.40705128205128205,0.216
"Shockley, J",C,0.095,10,21,2,2,0,0,0,4,3,0,9,2,0,0,0,0,0,BRI_B,2,26,0.19230769230769232,0.09523809523809523,0.2875457875457875,0.147
"Fedeli, C",P,0.0,2,1,0,0,0,0,0,0,0,0,0,0,0,0,0,0,0,BRI_B,0,1,0.0,0.0,0.0,0.0
"Lorenzetti, M",P,0.0,1,0,0,0,0,0,0,0,0,0,0,0,0,0,0,0,1,BRI_B,0,0,,,,
"Gilleran, J",P,0.0,1,0,0,0,0,0,0,0,0,0,0,0,0,0,0,0,0,BRI_B,0,0,,,,
"Bucciero, M",OF,0.342,21,79,19,27,6,0,4,25,18,2,20,0,0,1,0,4,2,DAN_WES,17,99,0.47474747474747475,0.569620253164557,1.0443677279120318,0.447
"DiGiacomo, R",C,0.338,19,68,12,23,5,1,0,9,5,1,15,0,0,0,1,0,4,DAN_WES,17,74,0.3918918918918919,0.4411764705882353,0.8330683624801272,0.363
"Iannazzo, M",SS,0.338,34,133,31,45,6,0,1,15,19,2,12,1,0,16,4,6,14,DAN_WES,38,155,0.4258064516129032,0.40601503759398494,0.8318214892068881,0.37
"Ramppen, Z",C,0.32,6,25,3,8,0,0,0,1,0,0,2,0,0,0,0,0,3,DAN_WES,8,25,0.32,0.32,0.64,0.281
"Mentzer, K",OF,0.309,23,68,18,21,4,0,1,16,23,1,12,3,0,4,0,0,0,DAN_WES,16,95,0.47368421052631576,0.4117647058823529,0.8854489164086687,0.396
"DAmore, D",1B,0.307,36,137,26,42,8,0,8,35,20,2,45,3,0,2,0,2,3,DAN_WES,26,162,0.3950617283950617,0.5401459854014599,0.9352077137965216,0.396
"Rios, L",C,0.293,15,58,14,17,5,0,0,14,9,3,15,0,0,1,0,2,4,DAN_WES,12,70,0.4142857142857143,0.3793103448275862,0.7935960591133004,0.359
"Preisano, R",IF,0.276,30,105,18,29,6,0,4,21,17,5,33,1,0,5,0,1,9,DAN_WES,19,128,0.3984375,0.44761904761904764,0.8460565476190476,0.371
"Miller, H",IF,0.25,13,40,8,10,2,0,4,11,2,4,17,0,0,1,1,1,1,DAN_WES,4,46,0.34782608695652173,0.6,0.9478260869565217,0.398
"Wyers, D",3B,0.237,16,59,7,14,2,0,2,8,10,1,22,1,0,5,2,1,6,DAN_WES,10,71,0.352112676056338,0.3728813559322034,0.7249940319885414,0.323
"Leonzi, R",CF,0.23,27,87,18,20,3,1,2,20,20,3,18,2,2,9,1,1,1,DAN_WES,14,114,0.37719298245614036,0.3563218390804598,0.7335148215366001,0.336
"Sheffield, J",OF,0.216,21,74,7,16,0,0,2,8,5,2,25,0,0,3,1,1,2,DAN_WES,14,81,0.2839506172839506,0.2972972972972973,0.5812479145812479,0.262
"Andrews, J",IF,0.194,11,31,4,6,1,0,0,1,4,1,9,0,0,3,0,1,1,DAN_WES,5,36,0.3055555555555556,0.22580645161290322,0.5313620071684588,0.253
"Lopez, N",SS,0.19,27,105,12,20,0,1,2,10,11,3,32,2,1,7,3,2,9,DAN_WES,17,122,0.2786885245901639,0.26666666666666666,0.5453551912568306,0.25
"Davis, J",CF,0.186,30,102,21,19,0,0,1,4,17,3,32,0,0,17,2,2,2,DAN_WES,18,122,0.319672131147541,0.21568627450980393,0.5353584056573449,0.26
"Schmidt, C",IF,0.159,14,44,8,7,1,0,0,2,8,0,14,0,0,0,0,3,7,DAN_WES,6,52,0.28846153846153844,0.18181818181818182,0.47027972027972026,0.231
"Labrador, D",C,0.146,13,41,5,6,3,0,0,3,1,2,12,1,0,0,0,1,0,DAN_WES,3,45,0.2,0.21951219512195122,0.41951219512195126,0.189
"Bernardini, C",CF,0.121,20,58,7,7,0,0,0,2,9,1,20,1,0,4,1,2,1,DAN_WES,7,69,0.2463768115942029,0.1206896551724138,0.3670664667666167,0.19
"Stella, J",C,0.114,11,35,6,4,1,0,1,3,6,2,13,1,1,0,1,0,2,DAN_WES,2,45,0.26666666666666666,0.22857142857142856,0.49523809523809526,0.241
"Clark, J",1B,0.091,4,11,3,1,0,0,0,1,6,0,3,0,0,0,0,1,0,DAN_WES,1,17,0.4117647058823529,0.09090909090909091,0.5026737967914439,0.295
"Acker, J",C,0.0,2,5,0,0,0,0,0,0,1,0,2,0,0,1,0,0,1,DAN_WES,0,6,0.16666666666666666,0.0,0.16666666666666666,0.115
"Orr, J",OF,0.0,1,4,0,0,0,0,0,0,0,0,1,0,0,0,0,0,0,DAN_WES,0,4,0.0,0.0,0.0,0.0
"Steele, A",P,0.0,3,5,1,0,0,0,0,1,0,0,2,0,0,0,0,1,0,DAN_WES,0,5,0.0,0.0,0.0,0.0
"Finn, S",P,0.75,3,4,1,3,1,0,0,1,0,0,0,0,0,2,0,0,0,KEE_SWA,2,4,0.75,1.0,1.75,0.75
"Gaspard, J",P,0.5,2,2,0,1,0,0,0,0,1,0,0,0,0,0,0,0,0,KEE_SWA,1,3,0.6666666666666666,0.5,1.1666666666666665,0.523
"Schuyler, T",C,0.438,6,16,4,7,3,0,0,3,3,1,3,0,0,0,0,0,1,KEE_SWA,4,20,0.55,0.625,1.175,0.502
"Jaconski, J",OF,0.341,36,129,36,44,9,3,7,33,32,5,28,1,1,8,1,3,0,KEE_SWA,25,168,0.48214285714285715,0.6201550387596899,1.1022978959025471,0.465
"Kross, J",C,0.34,12,47,12,16,7,0,3,21,4,4,13,2,0,0,0,1,0,KEE_SWA,6,57,0.42105263157894735,0.6808510638297872,1.1019036954087347,0.45
"Koonin, J",2B,0.322,37,143,32,46,7,0,13,35,12,5,34,1,1,18,0,5,1,KEE_SWA,26,162,0.3888888888888889,0.6433566433566433,1.0322455322455322,0.432
"Romano, N",3B,0.28,40,143,25,40,5,0,3,24,18,3,26,1,0,5,3,4,8,KEE_SWA,32,165,0.3696969696969697,0.3776223776223776,0.7473193473193473,0.333
"Reese, R",OF,0.26,38,131,27,34,6,0,8,22,18,6,52,0,0,8,1,0,5,KEE_SWA,20,155,0.3741935483870968,0.48854961832061067,0.8627431667077075,0.373
"Molinaro, B",3B,0.252,38,131,20,33,9,1,2,18,21,2,47,0,0,7,0,4,6,KEE_SWA,21,154,0.36363636363636365,0.3816793893129771,0.7453157529493408,0.332
"Biller, S",CF,0.25,13,48,10,12,2,0,1,4,8,3,7,0,0,9,1,2,1,KEE_SWA,9,59,0.3898305084745763,0.3541666666666667,0.743997175141243,0.34
"Graeber, A",RF,0.25,14,44,7,11,3,0,1,8,9,1,16,0,0,2,1,0,0,KEE_SWA,7,54,0.3888888888888889,0.38636363636363635,0.7752525252525253,0.348
"Calarco, A",C,0.244,29,86,21,21,7,0,3,17,16,3,26,3,0,1,0,5,1,KEE_SWA,11,108,0.37037037037037035,0.43023255813953487,0.8006029285099052,0.348
"Mendez, D",IF,0.225,11,40,10,9,0,0,0,3,3,2,7,0,0,7,1,0,1,KEE_SWA,9,45,0.3111111111111111,0.225,0.5361111111111111,0.254
"Hawke, A",2B,0.219,35,105,22,23,3,0,3,13,26,3,44,1,1,3,1,0,13,KEE_SWA,17,136,0.38235294117647056,0.3333333333333333,0.7156862745098038,0.332
"Wiggins, A",CF,0.218,36,101,30,22,4,0,2,14,34,2,37,1,0,8,2,2,1,KEE_SWA,16,138,0.42028985507246375,0.31683168316831684,0.7371215382407805,0.347
"Alicea, A",SS,0.209,13,43,9,9,3,0,0,4,8,3,9,0,2,4,0,1,0,KEE_SWA,6,56,0.35714285714285715,0.27906976744186046,0.6362126245847176,0.309
"Millan, J",RF,0.205,10,39,3,8,3,2,1,6,1,0,9,0,0,1,0,2,0,KEE_SWA,2,40,0.225,0.46153846153846156,0.6865384615384615,0.283
"Jones, J",C,0.197,26,66,10,13,2,0,2,8,7,4,15,0,2,0,2,1,4,KEE_SWA,9,79,0.3037974683544304,0.3181818181818182,0.6219792865362486,0.287
"Norton, J",3B,0.167,4,6,0,1,0,0,0,1,1,0,4,0,0,0,0,0,0,KEE_SWA,1,7,0.2857142857142857,0.16666666666666666,0.45238095238095233,0.224
"Mitchelle, C",IF,0.16,11,25,6,4,0,0,1,3,7,0,7,0,0,0,0,0,0,KEE_SWA,3,32,0.34375,0.28,0.62375,0.296
"House, B",OF,0.136,21,59,8,8,0,1,3,11,7,2,25,2,2,3,1,2,3,KEE_SWA,4,72,0.2361111111111111,0.3220338983050847,0.5581450094161958,0.249
"Izquierdo, V",1B,0.13,9,23,1,3,0,0,0,3,7,0,7,0,0,0,0,2,0,KEE_SWA,3,30,0.3333333333333333,0.13043478260869565,0.46376811594202894,0.249
"Carrea, J",P,0.0,1,0,0,0,0,0,0,0,0,0,0,0,0,0,0,0,1,KEE_SWA,0,0,,,,
"Sparber, C",CF,0.0,1,2,0,0,0,0,0,0,0,0,1,0,0,0,0,0,0,KEE_SWA,0,2,0.0,0.0,0.0,0.0
"Mccladdie, T",SS,0.383,25,94,18,36,6,0,2,9,11,0,24,1,0,20,1,0,2,MAR_VIN,28,106,0.44339622641509435,0.5106382978723404,0.9540345242874347,0.412
"Hacopian, C",SS,0.37,39,135,34,50,8,0,9,32,17,5,10,1,0,9,4,3,6,MAR_VIN,33,158,0.45569620253164556,0.6296296296296297,1.085325832161275,0.458
"Robinett, R",1B,0.331,37,118,22,39,11,0,9,32,23,4,34,0,0,2,0,4,5,MAR_VIN,19,145,0.45517241379310347,0.652542372881356,1.1077147866744594,0.464
"Yu, A",C,0.299,29,107,19,32,4,1,4,22,17,1,17,1,0,0,3,4,0,MAR_VIN,23,126,0.3968253968253968,0.4672897196261682,0.864115116451565,0.375
"Zambo, M",1B,0.294,22,85,14,25,6,0,3,16,8,0,21,0,0,0,1,1,2,MAR_VIN,16,93,0.3548387096774194,0.47058823529411764,0.825426944971537,0.356
"Wolfe, M",SS,0.25,1,4,0,1,0,0,0,0,0,0,2,0,0,0,0,0,1,MAR_VIN,1,4,0.25,0.25,0.5,0.22
"Lybrook, W",C,0.247,28,97,20,24,5,0,5,15,12,4,34,2,0,0,1,3,1,MAR_VIN,14,115,0.34782608695652173,0.4536082474226804,0.8014343343792021,0.346
"Martin, B",U,0.246,38,126,33,31,3,0,0,3,28,3,27,0,1,19,5,3,2,MAR_VIN,28,158,0.3924050632911392,0.2698412698412698,0.6622463331324091,0.317
"Brenczewski, J",1B,0.231,19,65,10,15,4,0,0,10,6,0,14,1,0,1,1,1,1,MAR_VIN,11,72,0.2916666666666667,0.2923076923076923,0.583974358974359,0.261
"Trippel, L",C,0.226,17,62,7,14,2,0,1,8,8,1,20,1,0,0,2,1,2,MAR_VIN,11,72,0.3194444444444444,0.3064516129032258,0.6258960573476702,0.283
"Seeker, S",1B,0.202,25,84,7,17,5,0,2,11,8,7,22,0,0,0,0,3,1,MAR_VIN,10,99,0.32323232323232326,0.3333333333333333,0.6565656565656566,0.299
"Goytia, A",C,0.2,8,20,2,4,0,1,0,3,5,0,7,0,0,2,1,0,0,MAR_VIN,3,25,0.36,0.3,0.6599999999999999,0.306
"Mascolo, C",OF,0.194,23,62,8,12,1,0,0,1,7,3,26,0,0,8,3,3,0,MAR_VIN,11,72,0.3055555555555556,0.20967741935483872,0.5152329749103943,0.249
"Mills, G",U,0.191,17,47,12,9,3,0,0,11,15,1,19,1,1,10,1,1,0,MAR_VIN,6,65,0.38461538461538464,0.2553191489361702,0.6399345335515548,0.314
"Graziano, M",CF,0.19,10,21,2,4,0,0,0,1,6,3,9,0,0,0,0,1,1,MAR_VIN,4,30,0.43333333333333335,0.19047619047619047,0.6238095238095238,0.327
"Prevesk, M",OF,0.172,19,64,9,11,3,0,0,11,9,0,22,1,0,1,0,1,1,MAR_VIN,8,74,0.2702702702702703,0.21875,0.4890202702702703,0.229
"Sabathia, C",1B,0.167,3,6,1,1,0,0,0,1,2,1,1,0,0,0,0,0,0,MAR_VIN,1,9,0.4444444444444444,0.16666666666666666,0.611111111111111,0.331
"Waid, T",RF,0.132,13,38,3,5,1,0,1,3,5,2,20,0,0,0,0,0,0,MAR_VIN,3,45,0.26666666666666666,0.23684210526315788,0.5035087719298246,0.24
"Diamant, D",IF,0.094,11,32,4,3,0,0,2,3,5,0,12,0,0,2,0,1,2,MAR_VIN,1,37,0.21621621621621623,0.28125,0.49746621621621623,0.226
"Suarez, J",SS,0.079,18,38,6,3,1,0,0,2,13,0,12,0,0,2,2,2,1,MAR_VIN,2,51,0.3137254901960784,0.10526315789473684,0.41898864809081526,0.235
"Holbrook, C",CF,0.0,4,11,0,0,0,0,0,0,1,0,6,0,0,0,0,0,0,MAR_VIN,0,12,0.08333333333333333,0.0,0.08333333333333333,0.057
"DuRoff, B",OF,0.0,2,5,0,0,0,0,0,0,0,0,2,0,0,0,0,0,0,MAR_VIN,0,5,0.0,0.0,0.0,0.0
"Paulsen, E",1B,0.321,8,28,3,9,1,0,0,6,4,1,4,0,0,2,0,1,1,MYS_SCH,8,33,0.42424242424242425,0.35714285714285715,0.7813852813852814,0.356
"Hylton, J",OF,0.314,16,51,11,16,2,0,2,6,3,4,15,0,0,5,1,1,1,MYS_SCH,12,58,0.39655172413793105,0.47058823529411764,0.8671399594320487,0.379
"Sahler, C",OF,0.308,32,120,14,37,4,0,1,13,11,0,11,0,2,9,3,2,1,MYS_SCH,32,133,0.3609022556390977,0.36666666666666664,0.7275689223057644,0.326
"Minick, T",SS,0.304,20,69,12,21,0,0,7,23,7,2,23,1,0,2,0,2,1,MYS_SCH,14,79,0.379746835443038,0.6086956521739131,0.9884424876169511,0.414
"Scanlon, C",OF,0.301,35,113,22,34,6,0,6,17,24,3,44,0,1,4,3,1,1,MYS_SCH,22,141,0.4326241134751773,0.5132743362831859,0.9458984497583631,0.411
"Dalena, M",1B,0.292,23,72,15,21,7,0,1,13,16,3,21,3,0,0,0,1,4,MYS_SCH,13,94,0.425531914893617,0.4305555555555556,0.8560874704491725,0.376
"DePino, A",3B,0.289,14,45,11,13,2,0,2,8,7,6,9,1,0,7,0,0,2,MYS_SCH,9,59,0.4406779661016949,0.4666666666666667,0.9073446327683616,0.4
"Pilla, J",2B,0.283,23,53,13,15,4,0,1,5,14,0,12,2,0,7,2,0,4,MYS_SCH,10,69,0.42028985507246375,0.41509433962264153,0.8353841946951053,0.368
"Brinker, M",C,0.274,29,95,20,26,4,0,7,18,8,7,29,2,0,6,1,2,3,MYS_SCH,15,112,0.36607142857142855,0.5368421052631579,0.9029135338345864,0.382
"Miller, C",IF,0.271,13,48,13,13,2,1,2,4,6,2,14,0,0,7,3,0,2,MYS_SCH,8,56,0.375,0.4791666666666667,0.8541666666666667,0.369
"Young, S",OF,0.27,34,115,18,31,5,0,1,12,13,1,31,0,0,12,4,1,2,MYS_SCH,25,129,0.3488372093023256,0.3391304347826087,0.6879676440849343,0.309
"Kron, D",CF,0.269,23,52,11,14,1,0,1,9,11,2,12,1,0,5,1,1,0,MYS_SCH,12,66,0.4090909090909091,0.34615384615384615,0.7552447552447552,0.346
"Stevens, J",LF,0.252,29,103,23,26,7,1,7,21,6,5,23,1,1,5,1,3,0,MYS_SCH,11,116,0.31896551724137934,0.5436893203883495,0.8626548376297288,0.363
"Willi, M",1B,0.236,28,72,8,17,5,0,0,10,9,3,31,1,0,1,0,1,1,MYS_SCH,12,85,0.3411764705882353,0.3055555555555556,0.6467320261437909,0.296
"Goodman, J",SS,0.214,39,140,24,30,3,0,5,23,18,2,47,2,0,19,2,1,14,MYS_SCH,22,162,0.30864197530864196,0.34285714285714286,0.6514991181657848,0.29
"Johnson, D",C,0.19,21,63,10,12,2,0,3,16,8,4,16,5,0,2,2,0,3,MYS_SCH,7,80,0.3,0.36507936507936506,0.665079365079365,0.289
"Sefcik, L",2B,0.179,11,28,4,5,0,0,0,1,5,0,9,0,2,2,0,0,3,MYS_SCH,5,35,0.2857142857142857,0.17857142857142858,0.4642857142857143,0.238
"Donahue, Z",SS,0.167,2,6,1,1,0,0,0,2,1,0,2,0,0,0,0,1,0,MYS_SCH,1,7,0.2857142857142857,0.16666666666666666,0.45238095238095233,0.224
"De La Cruz, J",SS,0.145,25,62,7,9,2,1,0,2,5,2,17,0,0,6,2,4,8,MYS_SCH,6,69,0.2318840579710145,0.20967741935483872,0.4415614773258532,0.206
"Grotyohann, C",P,0.133,6,15,0,2,1,0,0,0,1,0,6,0,0,0,0,0,0,MYS_SCH,1,16,0.1875,0.2,0.3875,0.176
"Solorzano, N",C,0.12,19,50,14,6,1,0,2,8,13,5,18,1,0,3,1,1,2,MYS_SCH,3,69,0.34782608695652173,0.26,0.6078260869565217,0.297
"Moore, T",C,0.077,5,13,0,1,0,0,0,2,4,0,5,0,0,0,0,1,0,MYS_SCH,1,17,0.29411764705882354,0.07692307692307693,0.37104072398190047,0.214
"Furey, C",P,0.0,1,0,0,0,0,0,0,0,0,0,0,0,0,0,0,0,0,MYS_SCH,0,0,,,,
"Williams, D",3B,0.39,30,100,35,39,7,0,4,33,22,5,15,5,0,17,2,4,3,NEW_GUL,28,132,0.5,0.58,1.08,0.456
"Brini, N",OF,0.347,40,147,30,51,11,0,1,18,14,4,19,0,1,11,2,1,0,NEW_GUL,39,166,0.41566265060240964,0.4421768707482993,0.857839521350709,0.379
"McCommons, M",C,0.333,4,9,3,3,0,0,0,1,4,1,2,0,0,0,1,1,1,NEW_GUL,3,14,0.5714285714285714,0.3333333333333333,0.9047619047619047,0.437
"Stevens, N",OF,0.324,36,139,30,45,9,1,6,32,21,6,31,1,0,5,4,1,2,NEW_GUL,29,167,0.4311377245508982,0.5323741007194245,0.9635118252703228,0.414
"Staton, G",IF,0.324,10,37,6,12,4,0,2,7,5,3,18,0,0,2,0,0,0,NEW_GUL,6,45,0.4444444444444444,0.5945945945945946,1.039039039039039,0.442
"Murtha, B",2B,0.304,7,23,3,7,2,0,0,3,4,0,8,0,0,2,0,0,0,NEW_GUL,5,27,0.4074074074074074,0.391304347826087,0.7987117552334944,0.357
"Bozzo, G",C,0.282,12,39,8,11,3,0,0,4,2,0,7,1,0,2,1,0,1,NEW_GUL,8,42,0.30952380952380953,0.358974358974359,0.6684981684981686,0.289
"Szako, B",OF,0.268,21,71,15,19,5,0,6,19,16,5,24,0,0,1,0,1,0,NEW_GUL,8,92,0.43478260869565216,0.5915492957746479,1.0263319044703,0.435
"Ossenfort, M",1B,0.264,34,125,21,33,11,0,4,24,19,2,37,0,0,2,1,3,4,NEW_GUL,18,146,0.3698630136986301,0.448,0.8178630136986301,0.357
"Minnick, T",C,0.254,19,59,15,15,2,0,3,10,13,5,14,2,0,2,0,0,2,NEW_GUL,10,79,0.4177215189873418,0.4406779661016949,0.8583994850890366,0.378
"Duncan, A",CF,0.252,31,111,30,28,3,1,2,13,23,3,39,1,0,11,2,1,0,NEW_GUL,22,138,0.391304347826087,0.35135135135135137,0.7426556991774383,0.338
"Musacchia, C",SS,0.25,18,44,12,11,2,0,2,8,12,2,10,0,0,5,0,1,5,NEW_GUL,7,58,0.43103448275862066,0.4318181818181818,0.8628526645768024,0.386
"Hare, T",RF,0.237,34,114,30,27,7,0,3,23,26,9,49,1,0,8,1,2,3,NEW_GUL,17,150,0.41333333333333333,0.37719298245614036,0.7905263157894737,0.361
"Seymour, R",SS,0.235,34,132,11,31,8,1,0,20,11,3,26,3,0,4,2,2,6,NEW_GUL,22,149,0.30201342281879195,0.3106060606060606,0.6126194834248526,0.272
"Burley, J",C,0.228,18,57,10,13,3,0,0,2,11,4,11,0,0,0,0,2,0,NEW_GUL,10,72,0.3888888888888889,0.2807017543859649,0.6695906432748537,0.319
"Doyle, J",3B,0.205,25,78,13,16,2,0,3,17,13,9,24,2,0,0,0,3,6,NEW_GUL,11,102,0.37254901960784315,0.34615384615384615,0.7187028657616893,0.33
"Orbon, L",IF,0.18,29,89,19,16,3,1,2,9,11,5,34,1,0,1,1,1,3,NEW_GUL,10,106,0.3018867924528302,0.30337078651685395,0.6052575789696841,0.276
"McKenzie, J",1B,0.08,7,25,5,2,1,0,0,2,6,0,14,0,0,0,0,0,1,NEW_GUL,1,31,0.25806451612903225,0.12,0.37806451612903225,0.202
"Pagano, J",OF,0.364,3,11,1,4,1,0,0,1,2,0,3,0,0,0,1,0,1,NOR_ADA,3,13,0.46153846153846156,0.45454545454545453,0.916083916083916,0.404
"Mistone, L",1B,0.333,32,126,14,42,4,0,2,18,7,8,11,1,0,2,1,4,0,NOR_ADA,36,142,0.4014084507042254,0.4126984126984127,0.814106863402638,0.361
"Lambros, E",CF,0.301,26,103,19,31,3,1,5,16,10,3,22,0,0,3,1,1,0,NOR_ADA,22,116,0.3793103448275862,0.49514563106796117,0.8744559758955474,0.377
"McCann, D",C,0.288,17,59,13,17,3,0,5,18,8,3,13,4,0,0,0,0,1,NOR_ADA,9,74,0.3783783783783784,0.5932203389830508,0.9715987173614292,0.397
"Anderson, A",CF,0.272,30,103,29,28,10,1,3,13,21,3,28,1,0,14,0,3,5,NOR_ADA,14,128,0.40625,0.47572815533980584,0.8819781553398058,0.383
"Palinski, M",LF,0.262,33,107,17,28,2,0,2,8,24,3,19,0,0,4,0,2,1,NOR_ADA,24,134,0.41044776119402987,0.3364485981308411,0.746896359324871,0.346
"Gaer, B",C,0.261,7,23,1,6,0,0,0,4,5,0,7,1,0,0,0,1,1,NOR_ADA,6,29,0.3793103448275862,0.2608695652173913,0.6401799100449774,0.301
"Kulikowski, J",OF,0.242,35,128,16,31,7,1,1,14,23,0,45,0,0,6,3,2,2,NOR_ADA,22,151,0.3576158940397351,0.3359375,0.6935533940397351,0.314
"Sherman, S",2B,0.24,16,50,12,12,0,0,0,1,9,0,11,0,0,4,0,1,5,NOR_ADA,12,59,0.3559322033898305,0.24,0.5959322033898304,0.284
"Morales, A",CF,0.235,30,102,20,24,3,0,0,15,25,1,16,2,0,9,1,2,1,NOR_ADA,21,130,0.38461538461538464,0.2647058823529412,0.6493212669683258,0.309
"Raifstanger, J",3B,0.231,23,65,10,15,3,0,1,10,24,2,26,0,0,3,0,0,4,NOR_ADA,11,91,0.45054945054945056,0.3230769230769231,0.7736263736263737,0.367
"Dulin, C",SS,0.231,34,130,19,30,6,1,2,19,11,2,18,3,0,6,2,5,5,NOR_ADA,21,146,0.2945205479452055,0.3384615384615385,0.6329820864067439,0.278
"Paris, D",C,0.218,23,78,7,17,2,0,1,9,6,3,16,1,0,5,0,2,2,NOR_ADA,14,88,0.29545454545454547,0.28205128205128205,0.5775058275058276,0.262
"Perron Jr, D",IF,0.215,35,107,23,23,5,0,5,17,23,6,23,2,0,2,1,0,8,NOR_ADA,13,138,0.37681159420289856,0.40186915887850466,0.7786807530814033,0.347
"Lussier, M",OF,0.214,9,28,5,6,0,0,0,3,6,1,10,1,0,0,1,0,1,NOR_ADA,6,36,0.3611111111111111,0.21428571428571427,0.5753968253968254,0.281
"Holzemer, W",IF,0.203,17,59,7,12,1,0,2,9,3,3,17,2,0,1,0,0,0,NOR_ADA,9,67,0.26865671641791045,0.3220338983050847,0.5906906147229951,0.26
"Guachione, N",1B,0.2,6,20,4,4,3,0,1,2,2,2,6,0,0,1,0,0,0,NOR_ADA,0,24,0.3333333333333333,0.5,0.8333333333333333,0.357
"Forde, A",SS,0.2,10,30,1,6,1,0,0,2,4,0,6,0,1,0,0,1,5,NOR_ADA,5,35,0.2857142857142857,0.23333333333333334,0.519047619047619,0.247
"Carlson, H",SS,0.119,29,84,8,10,3,0,0,4,11,0,40,0,0,4,1,3,10,NOR_ADA,7,95,0.22105263157894736,0.15476190476190477,0.37581453634085216,0.184
"Voss, N",C,0.115,7,26,5,3,0,0,1,7,2,4,7,1,0,0,0,0,3,NOR_ADA,2,33,0.2727272727272727,0.23076923076923078,0.5034965034965035,0.244
"Sabbath, J",P,0.0,1,1,0,0,0,0,0,0,0,0,1,0,0,0,0,0,1,NOR_ADA,0,1,0.0,0.0,0.0,0.0
"Peterson, J",P,0.0,1,1,0,0,0,0,0,0,0,0,0,0,0,0,0,0,0,NOR_ADA,0,1,0.0,0.0,0.0,0.0
"Voss, Na",C,0.0,1,1,0,0,0,0,0,0,0,0,0,0,0,0,0,0,0,NOR_ADA,0,1,0.0,0.0,0.0,0.0
"Orfi, L",SS,0.318,8,22,5,7,0,0,0,2,1,0,3,0,0,5,1,2,3,NSH_N,7,23,0.34782608695652173,0.3181818181818182,0.6660079051383399,0.297
"Kim, I",1B,0.278,22,79,6,22,5,0,1,15,5,1,10,3,0,0,0,3,1,NSH_N,16,88,0.3181818181818182,0.379746835443038,0.6979286536248561,0.301
"Gerety, R",OF,0.274,39,106,23,29,6,0,1,9,30,0,31,2,0,16,3,1,3,NSH_N,22,138,0.427536231884058,0.3584905660377358,0.7860267979217939,0.359
"Jones, K",CF,0.269,29,93,12,25,2,1,0,16,19,3,16,2,1,3,1,0,0,NSH_N,22,118,0.3983050847457627,0.3118279569892473,0.71013304173501,0.33
"Moroney, R",SS,0.265,41,132,22,35,5,1,0,14,32,2,35,1,6,6,2,1,11,NSH_N,29,173,0.3988439306358382,0.3181818181818182,0.7170257488176563,0.34
"D’Amico, P",3B,0.255,32,98,13,25,9,0,2,14,8,0,24,2,0,2,1,2,5,NSH_N,14,108,0.3055555555555556,0.40816326530612246,0.713718820861678,0.306
"Chatelle, M",C,0.255,28,94,10,24,7,0,0,9,7,2,12,0,0,1,0,3,6,NSH_N,17,103,0.32038834951456313,0.32978723404255317,0.6501755835571164,0.29
"Rao, S",1B,0.25,18,44,6,11,2,1,1,10,1,0,14,0,0,1,1,0,0,NSH_N,7,45,0.26666666666666666,0.4090909090909091,0.6757575757575758,0.287
"Jaconski, J",1B,0.245,37,110,11,27,5,1,1,12,8,2,39,2,0,3,0,3,2,NSH_N,20,122,0.30327868852459017,0.33636363636363636,0.6396423248882266,0.281
"Burns, W",C,0.228,23,57,11,13,3,0,1,8,9,1,18,2,0,2,0,1,2,NSH_N,9,69,0.3333333333333333,0.3333333333333333,0.6666666666666666,0.298
"MacDougall, D",OF,0.223,36,103,18,23,6,0,0,10,17,3,27,0,2,8,3,2,3,NSH_N,17,125,0.344,0.2815533980582524,0.6255533980582524,0.295
"MacDougall, R",C,0.196,23,56,11,11,0,0,0,5,10,2,16,0,0,0,0,0,1,NSH_N,11,68,0.3382352941176471,0.19642857142857142,0.5346638655462185,0.265
"Wideman, R",OF,0.19,13,21,5,4,0,0,0,0,4,2,9,0,0,3,1,0,0,NSH_N,4,27,0.37037037037037035,0.19047619047619047,0.5608465608465608,0.286
"Dever, B",CF,0.186,24,59,8,11,2,0,1,7,6,1,22,0,0,0,1,0,1,NSH_N,8,66,0.2727272727272727,0.2711864406779661,0.5439137134052388,0.248
"Bianco, A",OF,0.167,28,72,8,12,0,1,1,6,8,2,24,1,2,5,1,2,1,NSH_N,10,85,0.25882352941176473,0.2361111111111111,0.49493464052287583,0.233
"Jones, B",IF,0.167,36,84,10,14,2,0,0,7,14,9,26,0,3,1,1,1,3,NSH_N,12,110,0.33636363636363636,0.19047619047619047,0.5268398268398269,0.273
"McGuire, T",IF,0.16,32,75,8,12,2,0,0,11,18,1,23,2,1,2,1,4,2,NSH_N,10,97,0.31958762886597936,0.18666666666666668,0.506254295532646,0.254
"Luccini, A",OF,0.071,36,56,9,4,1,0,0,2,13,3,24,1,0,9,0,1,1,NSH_N,3,73,0.273972602739726,0.08928571428571429,0.3632583170254403,0.206
"Friedman, P",P,0.0,2,0,0,0,0,0,0,0,0,0,0,0,0,0,0,0,0,NSH_N,0,0,,,,
"Kahn, J",2B,0.0,1,0,0,0,0,0,0,0,0,0,0,0,0,0,0,0,0,NSH_N,0,0,,,,
"Pauley, T",P,0.0,1,0,1,0,0,0,0,0,0,0,0,0,0,0,0,0,1,NSH_N,0,0,,,,
"Castrichini, J",P,0.0,1,1,0,0,0,0,0,0,0,0,1,0,0,0,0,0,1,NSH_N,0,1,0.0,0.0,0.0,0.0
"Cash, D",1B,0.367,39,147,26,54,8,1,3,27,22,1,27,2,0,11,1,5,4,OCE_STA6,42,172,0.4476744186046512,0.4965986394557823,0.9442730580604335,0.409
"Hughes, L",OF,0.351,20,74,14,26,6,0,4,11,7,1,15,1,0,4,1,2,2,OCE_STA6,16,83,0.40963855421686746,0.5945945945945946,1.004233148811462,0.423
"Walton, A",OF,0.311,26,90,17,28,8,0,2,21,13,4,20,2,0,10,1,1,0,OCE_STA6,18,109,0.41284403669724773,0.4666666666666667,0.8795107033639145,0.382
"Feinberg, H",OF,0.288,16,52,8,15,2,0,2,13,6,0,16,1,0,7,2,0,2,OCE_STA6,11,59,0.3559322033898305,0.4423076923076923,0.7982398956975227,0.344
"Carbone, C",C,0.267,24,45,7,12,1,0,0,4,11,1,16,1,0,1,1,1,0,OCE_STA6,11,58,0.41379310344827586,0.28888888888888886,0.7026819923371648,0.331
"Head, T",SS,0.267,24,86,13,23,6,1,1,18,12,5,23,0,0,2,1,0,3,OCE_STA6,15,103,0.3883495145631068,0.3953488372093023,0.7836983517724091,0.35
"Zyons, Z",OF,0.258,38,128,28,33,10,0,3,12,20,11,29,1,0,8,5,1,6,OCE_STA6,20,160,0.4,0.40625,0.80625,0.361
"Genther, E",OF,0.25,34,124,21,31,4,0,3,20,16,7,20,0,0,3,4,3,0,OCE_STA6,24,147,0.3673469387755102,0.3548387096774194,0.7221856484529297,0.328
"Pettay, G",SS,0.247,33,81,17,20,2,1,2,8,21,3,33,0,1,9,1,2,6,OCE_STA6,15,106,0.41509433962264153,0.37037037037037035,0.7854647099930119,0.361
"Fernandez, E",SS,0.229,18,48,6,11,1,0,0,8,5,1,14,0,0,2,0,0,4,OCE_STA6,10,54,0.3148148148148148,0.25,0.5648148148148149,0.263
"Cooney, R",SS,0.216,33,111,21,24,4,0,1,10,24,2,26,1,1,9,2,0,8,OCE_STA6,19,139,0.3597122302158273,0.27927927927927926,0.6389915094951066,0.302
"Butler, R",C,0.196,19,51,6,10,3,0,1,8,7,1,28,1,0,0,0,0,4,OCE_STA6,6,60,0.3,0.3137254901960784,0.6137254901960785,0.276
"Plasschaert, Z",1B,0.194,31,98,10,19,2,0,3,14,11,1,49,3,0,1,1,1,3,OCE_STA6,14,113,0.2743362831858407,0.30612244897959184,0.5804587321654325,0.258
"Wilson, H",SS,0.179,18,56,12,10,4,0,0,3,11,1,19,1,0,5,0,2,5,OCE_STA6,6,69,0.3188405797101449,0.25,0.5688405797101449,0.269
"Meluskey, T",OF,0.169,29,89,18,15,6,0,0,9,14,7,23,0,0,10,2,0,2,OCE_STA6,9,110,0.32727272727272727,0.23595505617977527,0.5632277834525026,0.273
"McAndrews, T",C,0.157,27,70,10,11,3,0,4,11,10,4,34,0,0,0,0,0,5,OCE_STA6,4,84,0.2976190476190476,0.37142857142857144,0.6690476190476191,0.299
"Posey, A",C,0.125,15,32,2,4,1,0,0,8,6,0,20,1,0,2,0,0,2,OCE_STA6,3,39,0.2564102564102564,0.15625,0.4126602564102564,0.206
"Turner, T",P,0.0,1,0,0,0,0,0,0,0,0,0,0,0,0,0,0,0,0,OCE_STA6,0,0,,,,
"Logie, D",P,0.0,1,0,0,0,0,0,0,0,0,0,0,0,0,0,0,0,1,OCE_STA6,0,0,,,,
"Cook, J",P,0.0,2,1,1,0,0,0,0,0,1,0,1,0,0,0,0,0,0,OCE_STA6,0,2,0.5,0.0,0.5,0.345
"Smith, J",P,0.0,1,0,0,0,0,0,0,0,0,0,0,0,0,0,0,0,0,OCE_STA6,0,0,,,,
"Wentworth, J",RF,0.0,5,10,0,0,0,0,0,0,0,0,8,0,0,1,0,0,0,OCE_STA6,0,10,0.0,0.0,0.0,0.0
"Weaver, J",P,0.0,1,1,0,0,0,0,0,0,0,0,1,0,0,0,0,0,0,OCE_STA6,0,1,0.0,0.0,0.0,0.0
"Barczi, C",C,0.387,25,75,17,29,6,1,3,18,14,4,18,2,0,0,0,0,2,SAN_MAI,19,95,0.49473684210526314,0.6133333333333333,1.1080701754385964,0.466
"Bade, D",3B,0.358,36,134,28,48,8,1,6,30,10,3,28,3,0,8,0,2,6,SAN_MAI,33,150,0.4066666666666667,0.5671641791044776,0.9738308457711442,0.411
"Willis, C",OF,0.325,37,120,31,39,12,1,4,26,31,2,19,3,0,19,2,0,2,SAN_MAI,22,156,0.46153846153846156,0.5416666666666666,1.0032051282051282,0.427
"Sullivan, E",C,0.318,12,44,6,14,4,0,1,13,3,2,2,0,0,3,0,1,2,SAN_MAI,9,49,0.3877551020408163,0.4772727272727273,0.8650278293135436,0.375
"Shpur, C",CF,0.29,19,69,20,20,2,1,1,4,14,1,7,1,0,31,1,5,1,SAN_MAI,16,85,0.4117647058823529,0.391304347826087,0.80306905370844,0.359
"Tucker, J",CF,0.282,22,85,21,24,4,1,0,10,8,4,12,0,0,18,2,1,1,SAN_MAI,19,97,0.3711340206185567,0.35294117647058826,0.724075197089145,0.326
"Davis, J",SS,0.271,40,155,21,42,3,1,1,12,12,2,29,3,2,31,5,2,9,SAN_MAI,37,174,0.3218390804597701,0.3225806451612903,0.6444197256210604,0.288
"Velazquez, R",3B,0.244,34,123,17,30,4,0,6,22,16,1,42,1,0,4,3,2,5,SAN_MAI,20,141,0.3333333333333333,0.42276422764227645,0.7560975609756098,0.329
"Hernandez, M",SS,0.225,24,71,10,16,3,0,0,10,10,6,29,1,0,6,1,1,6,SAN_MAI,13,88,0.36363636363636365,0.2676056338028169,0.6312419974391805,0.3
"Schaaf, B",SS,0.208,24,77,20,16,3,0,0,9,21,3,31,1,0,12,2,1,2,SAN_MAI,13,102,0.39215686274509803,0.24675324675324675,0.6389101094983448,0.312
"Toomey, J",OF,0.205,11,39,4,8,2,0,1,7,8,2,10,0,0,2,0,0,0,SAN_MAI,5,49,0.3673469387755102,0.3333333333333333,0.7006802721088435,0.324
"Travisano, M",SS,0.2,14,50,1,10,0,0,0,4,3,1,17,0,0,2,0,2,5,SAN_MAI,10,54,0.25925925925925924,0.2,0.45925925925925926,0.214
"Lanowitz, C",IF,0.185,28,81,8,15,2,0,0,9,7,2,9,1,1,1,0,2,2,SAN_MAI,13,92,0.2608695652173913,0.20987654320987653,0.47074610842726783,0.222
"Barksdale, N",OF,0.167,9,24,2,4,0,0,0,2,2,3,7,0,0,0,0,0,0,SAN_MAI,4,29,0.3103448275862069,0.16666666666666666,0.4770114942528736,0.243
"Miceli, M",SS,0.165,29,91,11,15,2,1,0,9,15,2,15,1,1,2,1,3,9,SAN_MAI,12,110,0.2909090909090909,0.2087912087912088,0.4997002997002997,0.242
"Kodali, D",CF,0.164,22,61,8,10,1,1,0,7,8,3,33,0,0,2,0,0,0,SAN_MAI,8,72,0.2916666666666667,0.21311475409836064,0.5047814207650273,0.243
"Burgos, J",IF,0.154,10,26,6,4,1,0,2,8,8,0,6,1,0,3,1,2,1,SAN_MAI,1,35,0.34285714285714286,0.4230769230769231,0.7659340659340659,0.333
"Curtis, J",1B,0.143,5,14,1,2,0,0,0,0,3,1,5,0,0,0,0,0,0,SAN_MAI,2,18,0.3333333333333333,0.14285714285714285,0.47619047619047616,0.253
"Kolben, R",C,0.13,16,46,2,6,1,0,0,4,10,3,21,0,0,0,0,1,2,SAN_MAI,5,59,0.3220338983050847,0.15217391304347827,0.474207811348563,0.249
"Cottam, K",C,0.125,5,16,0,2,0,0,0,0,2,0,7,0,0,0,0,0,0,SAN_MAI,2,18,0.2222222222222222,0.125,0.3472222222222222,0.174
"Russell, D",C,0.1,4,10,1,1,1,0,0,0,1,0,7,0,0,0,0,0,0,SAN_MAI,0,11,0.18181818181818182,0.2,0.38181818181818183,0.176
"Purcell, J",P,0.5,2,2,0,1,0,0,0,0,0,0,1,0,0,0,0,0,0,UPP_VAL,1,2,0.5,0.5,1.0,0.439
"Tamburro, N",P,0.5,1,2,0,1,0,0,0,1,1,0,0,0,0,0,0,0,0,UPP_VAL,1,3,0.6666666666666666,0.5,1.1666666666666665,0.523
"Venditti, V",CF,0.333,1,3,1,1,0,0,0,2,1,0,1,1,0,0,0,0,1,UPP_VAL,1,5,0.4,0.3333333333333333,0.7333333333333334,0.314
"Frehner, P",IF,0.318,8,22,5,7,1,0,1,3,4,5,7,0,0,0,0,1,0,UPP_VAL,5,31,0.5161290322580645,0.5,1.0161290322580645,0.452
"Fellows, C",OF,0.308,40,143,21,44,9,3,0,23,19,0,35,3,0,2,1,1,2,UPP_VAL,32,165,0.38181818181818183,0.4125874125874126,0.7944055944055944,0.346
"Pacheco, D",OF,0.3,33,110,23,33,7,0,9,25,20,6,29,2,0,0,1,2,1,UPP_VAL,17,138,0.427536231884058,0.6090909090909091,1.036627140974967,0.434
"Christman, T",2B,0.291,28,117,24,34,10,0,2,17,9,3,25,1,0,3,0,5,2,UPP_VAL,22,130,0.35384615384615387,0.42735042735042733,0.7811965811965812,0.34
"Quagliato, N",C,0.28,24,82,11,23,3,1,1,11,7,2,19,0,0,1,1,2,4,UPP_VAL,18,91,0.3516483516483517,0.3780487804878049,0.7296971321361565,0.323
"Johnson, G",C,0.28,8,25,4,7,0,0,1,2,6,0,6,0,0,1,0,2,0,UPP_VAL,6,31,0.41935483870967744,0.4,0.8193548387096774,0.368
"Ballard, M",SS,0.278,9,36,4,10,2,0,0,4,3,1,7,1,0,1,1,1,0,UPP_VAL,8,41,0.34146341463414637,0.3333333333333333,0.6747967479674797,0.3
"Keys, J",C,0.276,9,29,7,8,1,1,0,1,7,2,7,0,0,1,0,1,3,UPP_VAL,6,38,0.4473684210526316,0.3793103448275862,0.8266787658802177,0.378
"Lizama, E",RF,0.274,18,62,7,17,5,0,2,8,6,3,13,1,0,1,1,2,3,UPP_VAL,10,72,0.3611111111111111,0.45161290322580644,0.8127240143369175,0.352
"Ali, M",IF,0.25,1,4,1,1,0,0,0,0,0,0,2,0,0,0,0,0,0,UPP_VAL,1,4,0.25,0.25,0.5,0.22
"Genth, H",IF,0.25,11,28,8,7,3,0,1,3,8,1,8,0,0,8,1,2,7,UPP_VAL,3,37,0.43243243243243246,0.4642857142857143,0.8967181467181468,0.395
"Frei, G",3B,0.246,39,138,23,34,7,3,3,24,17,5,26,2,0,0,0,1,11,UPP_VAL,21,162,0.345679012345679,0.4057971014492754,0.7514761137949544,0.329
"Trommer, M",IF,0.244,33,123,22,30,5,1,3,15,19,4,35,1,1,2,0,0,4,UPP_VAL,21,148,0.3581081081081081,0.37398373983739835,0.7320918479455065,0.328
"Blaser, B",OF,0.213,29,94,11,20,2,0,0,10,19,2,28,3,1,2,0,4,0,UPP_VAL,18,119,0.3445378151260504,0.23404255319148937,0.5785803683175398,0.278
"Baillargeon, C",1B,0.206,31,97,17,20,5,0,1,11,14,6,29,0,0,0,0,5,3,UPP_VAL,14,117,0.3418803418803419,0.28865979381443296,0.6305401356947749,0.295
"Thompson, M",SS,0.205,15,44,11,9,2,1,0,6,13,0,13,1,0,3,0,2,8,UPP_VAL,6,58,0.3793103448275862,0.29545454545454547,0.6747648902821317,0.315
"Zeisloft, L",OF,0.204,24,54,11,11,0,0,0,2,10,4,21,1,0,1,1,2,1,UPP_VAL,11,69,0.36231884057971014,0.2037037037037037,0.5660225442834138,0.282
"Reyes, L",CF,0.2,13,50,7,10,1,0,2,12,5,1,15,0,0,0,0,1,0,UPP_VAL,7,56,0.2857142857142857,0.34,0.6257142857142857,0.278
"Malzone, A",C,0.2,2,5,1,1,0,0,0,0,1,0,2,0,0,0,0,0,0,UPP_VAL,1,6,0.3333333333333333,0.2,0.5333333333333333,0.261
"Worcester, C",SS,0.185,8,27,2,5,0,0,0,2,1,2,6,1,0,0,1,0,1,UPP_VAL,5,31,0.25806451612903225,0.18518518518518517,0.4432497013142174,0.21
"Petrich, O",3B,0.162,9,37,2,6,2,0,0,3,2,0,6,0,0,0,0,3,2,UPP_VAL,4,39,0.20512820512820512,0.21621621621621623,0.42134442134442135,0.189
"Craigue, B",IF,0.143,9,21,6,3,0,0,0,3,5,2,6,0,0,2,0,1,1,UPP_VAL,3,28,0.35714285714285715,0.14285714285714285,0.5,0.269
"Jagiela, C",C,0.118,6,17,0,2,0,0,0,0,1,2,7,0,0,0,0,1,1,UPP_VAL,2,20,0.25,0.11764705882352941,0.36764705882352944,0.194
"Kovalchik, Z",OF,0.0,2,10,0,0,0,0,0,0,0,0,4,0,0,0,0,1,0,UPP_VAL,0,10,0.0,0.0,0.0,0.0
"Applegate, C",P,0.0,1,3,0,0,0,0,0,0,1,0,2,0,0,0,0,0,0,UPP_VAL,0,4,0.25,0.0,0.25,0.172
"Hindle, W",2B,0.417,6,24,3,10,1,0,0,6,0,0,3,0,0,1,0,1,4,VAL_BLU,9,24,0.4166666666666667,0.4583333333333333,0.875,0.381
"Cunningham, K",SS,0.333,6,24,5,8,2,0,0,3,2,1,2,1,0,1,0,1,0,VAL_BLU,6,28,0.39285714285714285,0.4166666666666667,0.8095238095238095,0.352
"Wertz, A",P,0.333,1,3,0,1,0,0,0,1,2,0,1,0,0,1,0,1,0,VAL_BLU,1,5,0.6,0.3333333333333333,0.9333333333333333,0.452
"Sutherland, C",3B,0.333,2,6,1,2,1,0,0,0,1,0,1,0,0,0,0,0,0,VAL_BLU,1,7,0.42857142857142855,0.5,0.9285714285714286,0.401
"Moore, Z",3B,0.31,8,29,7,9,2,0,0,5,5,0,8,0,1,5,0,1,4,VAL_BLU,7,35,0.4,0.3793103448275862,0.7793103448275862,0.355
"O’Conor, M",3B,0.304,32,115,27,35,10,1,5,21,17,5,33,2,1,4,0,2,9,VAL_BLU,19,140,0.40714285714285714,0.5391304347826087,0.9462732919254658,0.403
"Bant, J",1B,0.292,25,89,15,26,1,0,3,18,15,7,14,1,0,0,0,4,2,VAL_BLU,22,112,0.42857142857142855,0.4044943820224719,0.8330658105939004,0.375
"Ritchie, K",3B,0.292,7,24,8,7,3,0,1,6,6,1,7,0,0,1,0,1,0,VAL_BLU,3,31,0.45161290322580644,0.5416666666666666,0.993279569892473,0.427
"Hogart, J",OF,0.287,42,136,38,39,11,0,7,35,31,11,37,8,1,9,2,0,2,VAL_BLU,21,187,0.43315508021390375,0.5220588235294118,0.9552139037433156,0.406
"Estrella, A",SS,0.284,20,67,11,19,7,0,2,5,3,2,22,0,0,1,1,1,6,VAL_BLU,10,72,0.3333333333333333,0.47761194029850745,0.8109452736318408,0.347
"Williams, D",OF,0.28,8,25,3,7,1,0,1,6,3,1,6,1,0,1,0,0,0,VAL_BLU,5,30,0.36666666666666664,0.44,0.8066666666666666,0.348
"Manning, L",C,0.276,13,29,8,8,1,1,0,6,14,6,10,0,0,4,1,1,3,VAL_BLU,6,49,0.5714285714285714,0.3793103448275862,0.9507389162561576,0.45
"Hugo, L",CF,0.266,43,169,30,45,7,0,2,14,22,14,39,1,0,27,9,5,3,VAL_BLU,36,206,0.3932038834951456,0.3431952662721893,0.736399149767335,0.338
"Misch, C",1B,0.263,11,38,9,10,2,0,2,8,5,3,12,0,0,0,0,0,0,VAL_BLU,6,46,0.391304347826087,0.47368421052631576,0.8649885583524027,0.378
"Militello, J",C,0.261,9,23,2,6,1,0,0,2,5,0,13,0,0,0,0,0,1,VAL_BLU,5,28,0.39285714285714285,0.30434782608695654,0.6972049689440993,0.324
"Ettinger, E",SS,0.261,7,23,4,6,0,0,0,2,3,1,6,0,0,3,0,0,2,VAL_BLU,6,27,0.37037037037037035,0.2608695652173913,0.6312399355877616,0.299
"Larson, C",IF,0.26,18,50,7,13,1,1,0,9,7,4,14,1,0,4,0,0,3,VAL_BLU,11,62,0.3870967741935484,0.32,0.7070967741935483,0.326
"Henington, K",CF,0.215,33,93,17,20,3,1,0,12,24,1,27,1,3,17,0,2,0,VAL_BLU,16,122,0.36885245901639346,0.26881720430107525,0.6376696633174688,0.308
"Scarabino, A",OF,0.2,8,25,2,5,2,0,0,6,9,0,4,1,0,0,0,2,0,VAL_BLU,3,35,0.4,0.28,0.68,0.324
"Vidal, A",IF,0.187,32,107,12,20,2,0,1,11,15,8,41,0,2,5,2,1,14,VAL_BLU,17,132,0.32575757575757575,0.2336448598130841,0.5594024355706598,0.273
"Swain, C",SS,0.167,3,12,1,2,0,0,0,0,0,0,5,0,0,1,0,0,2,VAL_BLU,2,12,0.16666666666666666,0.16666666666666666,0.3333333333333333,0.146
"Jans, C",OF,0.15,18,60,11,9,2,0,0,8,9,3,14,1,0,5,0,1,0,VAL_BLU,7,73,0.2876712328767123,0.18333333333333332,0.4710045662100456,0.233
"Toth, M",C,0.148,25,81,16,12,1,1,0,10,13,3,31,0,0,4,0,0,10,VAL_BLU,10,97,0.28865979381443296,0.18518518518518517,0.47384497899961814,0.234
"Ferrentino, F",C,0.139,10,36,0,5,1,0,0,5,0,0,6,0,0,0,0,0,1,VAL_BLU,4,36,0.1388888888888889,0.16666666666666666,0.3055555555555556,0.132
"Perez, E",IF,0.125,4,8,0,1,0,0,0,0,1,0,5,0,0,0,1,0,0,VAL_BLU,1,9,0.2222222222222222,0.125,0.3472222222222222,0.174
"Basseer, J",OF,0.109,17,55,2,6,1,0,1,4,5,0,11,0,0,0,0,4,2,VAL_BLU,4,60,0.18333333333333332,0.18181818181818182,0.3651515151515151,0.17
"Butler, J",1B,0.103,9,29,2,3,1,0,1,4,2,3,10,0,0,0,0,1,0,VAL_BLU,1,34,0.23529411764705882,0.2413793103448276,0.4766734279918864,0.226
"Toth, R",IF,0.0,1,1,0,0,0,0,0,0,0,0,0,0,0,0,0,0,0,VAL_BLU,0,1,0.0,0.0,0.0,0.0
"Jensen, M",1B,0.386,22,88,24,34,10,2,3,23,9,2,15,3,0,4,0,2,2,VER_MOU,19,102,0.4411764705882353,0.6477272727272727,1.088903743315508,0.45
"Ganus, T",OF,0.368,20,57,17,21,4,0,0,6,14,1,10,0,2,8,0,2,0,VER_MOU,17,74,0.4864864864864865,0.43859649122807015,0.9250829777145566,0.42
"Luetzow, J",C,0.366,14,41,17,15,0,0,0,2,7,3,5,0,0,4,1,1,0,VER_MOU,15,51,0.49019607843137253,0.36585365853658536,0.8560497369679578,0.395
"Martinez, C",OF,0.326,27,92,11,30,5,0,3,20,15,1,21,0,0,5,0,1,0,VER_MOU,22,108,0.42592592592592593,0.4782608695652174,0.9041867954911433,0.395
"Ragsdale, J",CF,0.323,35,127,31,41,2,1,3,16,29,3,29,2,0,24,5,0,3,VER_MOU,35,161,0.453416149068323,0.4251968503937008,0.8786129994620238,0.391
"Meguiar, B",2B,0.314,12,35,6,11,2,0,0,7,3,2,8,1,0,2,0,0,2,VER_MOU,9,41,0.3902439024390244,0.37142857142857144,0.7616724738675958,0.339
"Angelo, S",1B,0.313,14,48,14,15,3,1,4,17,11,2,17,2,0,3,1,0,2,VER_MOU,7,63,0.4444444444444444,0.6666666666666666,1.1111111111111112,0.453
"Notarangelo, N",OF,0.302,22,63,12,19,4,1,1,18,7,4,16,2,0,3,0,1,0,VER_MOU,13,76,0.39473684210526316,0.4444444444444444,0.8391812865497076,0.364
"Bauerle, P",3B,0.286,10,28,5,8,1,0,1,4,4,0,6,1,0,1,0,2,1,VER_MOU,6,33,0.36363636363636365,0.42857142857142855,0.7922077922077921,0.342
"Bishop, C",SS,0.277,35,112,15,31,5,0,0,13,11,2,30,1,0,7,4,1,6,VER_MOU,26,126,0.3492063492063492,0.32142857142857145,0.6706349206349207,0.302
"Cox, T",SS,0.276,19,58,18,16,0,0,2,11,14,3,14,1,1,11,2,0,6,VER_MOU,14,77,0.42857142857142855,0.3793103448275862,0.8078817733990147,0.37
"Norton, B",2B,0.275,21,80,13,22,2,1,2,18,5,2,21,0,0,1,0,1,4,VER_MOU,17,87,0.3333333333333333,0.4,0.7333333333333334,0.321
"Jefferson, D",CF,0.259,25,81,20,21,4,1,1,16,15,3,20,1,0,22,4,0,1,VER_MOU,15,100,0.39,0.37037037037037035,0.7603703703703704,0.342
"Santerre, C",CF,0.25,17,44,13,11,1,1,1,6,11,3,11,2,1,7,3,0,1,VER_MOU,8,61,0.4098360655737705,0.38636363636363635,0.7961997019374069,0.36
"Root, B",OF,0.247,29,93,18,23,1,4,2,16,18,0,17,0,0,9,0,1,2,VER_MOU,16,111,0.36936936936936937,0.40860215053763443,0.7779715199070039,0.342
"Hyde, B",OF,0.242,13,33,7,8,1,1,1,7,4,1,8,0,0,1,1,0,2,VER_MOU,5,38,0.34210526315789475,0.42424242424242425,0.766347687400319,0.334
"Waugh, N",C,0.242,20,62,12,15,3,0,3,12,9,1,24,1,0,0,1,1,0,VER_MOU,9,73,0.3424657534246575,0.43548387096774194,0.7779496243923995,0.337
"Manning, L",C,0.238,6,21,3,5,1,0,0,3,1,0,6,0,0,3,0,0,0,VER_MOU,4,22,0.2727272727272727,0.2857142857142857,0.5584415584415584,0.247
"Sanchez, J",IF,0.234,26,64,13,15,3,0,0,5,13,4,10,0,0,1,0,3,3,VER_MOU,12,81,0.3950617283950617,0.28125,0.6763117283950617,0.322
"Cavossa, S",C,0.2,2,5,1,1,0,0,0,0,0,0,1,0,0,0,0,0,1,VER_MOU,1,5,0.2,0.2,0.4,0.176
"Dux, S",C,0.2,3,5,0,1,1,0,0,0,1,0,3,0,0,0,0,0,0,VER_MOU,0,6,0.3333333333333333,0.4,0.7333333333333334,0.322
"Jaun, W",P,0.2,2,5,0,1,0,0,0,1,2,1,1,0,0,0,1,1,1,VER_MOU,1,8,0.5,0.2,0.7,0.372
"Mannelly, A",LF,0.175,15,40,7,7,1,0,1,8,5,3,12,0,1,1,2,2,1,VER_MOU,5,49,0.30612244897959184,0.275,0.5811224489795919,0.276
"Knox, J",SS,0.153,22,59,12,9,2,0,1,8,12,2,21,2,0,8,1,0,3,VER_MOU,6,75,0.30666666666666664,0.23728813559322035,0.543954802259887,0.26
"Wright, A",C,0.053,8,19,3,1,1,0,0,4,5,3,0,1,1,0,0,0,1,VER_MOU,0,29,0.3103448275862069,0.10526315789473684,0.41560798548094374,0.245
"Chae, Y",SS,0.0,3,2,0,0,0,0,0,0,0,1,2,0,0,0,0,0,1,VER_MOU,0,3,0.3333333333333333,0.0,0.3333333333333333,0.241
